,시간,연도,연휴,구분일,도시,소요시간(분)
93,00,2017,추석,D-3,서울,274.466000000000000000000000
94,01,2017,추석,D-3,서울,260.141000000000000000000000
95,02,2017,추석,D-3,서울,269.225000000000000000000000
96,03,2017,추석,D-3,서울,263.721666666666666666666666
97,04,2017,추석,D-3,서울,264.088666666666666666666666
98,05,2017,추석,D-3,서울,262.533000000000000000000000
99,06,2017,추석,D-3,서울,277.833000000000000000000000
100,07,2017,추석,D-3,서울,275.887000000000000000000000
101,08,2017,추석,D-3,서울,281.772000000000000000000000
102,09,2017,추석,D-3,서울,282.099750000000000000000000
103,10,2017,추석,D-3,서울,292.055333333333333333333333
104,11,2017,추석,D-3,서울,287.999666666666666666666666
105,12,2017,추석,D-3,서울,289.827333333333333333333333
106,13,2017,추석,D-3,서울,314.944333333333333333333333
107,14,2017,추석,D-3,서울,294.244000000000000000000000
108,15,2017,추석,D-3,서울,303.355000000000000000000000
109,16,2017,추석,D-3,서울,340.433333333333333333333333
110,17,2017,추석,D-3,서울,320.024500000000000000000000
111,18,2017,추석,D-3,서울,313.299500000000000000000000
112,19,2017,추석,D-3,서울,307.966500000000000000000000
113,20,2017,추석,D-3,서울,329.766000000000000000000000
114,21,2017,추석,D-3,서울,325.933000000000000000000000
115,22,2017,추석,D-3,서울,325.433000000000000000000000
116,23,2017,추석,D-3,서울,357.258000000000000000000000
117,00,2017,추석,D-2,서울,298.683000000000000000000000
118,01,2017,추석,D-2,서울,297.883000000000000000000000
119,02,2017,추석,D-2,서울,288.466000000000000000000000
120,03,2017,추석,D-2,서울,292.008000000000000000000000
121,04,2017,추석,D-2,서울,279.299500000000000000000000
122,05,2017,추석,D-2,서울,275.349500000000000000000000
123,06,2017,추석,D-2,서울,279.558000000000000000000000
124,07,2017,추석,D-2,서울,359.760666666666666666666666
125,08,2017,추석,D-2,서울,348.227333333333333333333333
126,09,2017,추석,D-2,서울,349.472000000000000000000000
127,10,2017,추석,D-2,서울,345.921666666666666666666666
128,11,2017,추석,D-2,서울,351.744000000000000000000000
129,12,2017,추석,D-2,서울,367.872000000000000000000000
130,13,2017,추석,D-2,서울,379.672000000000000000000000
131,14,2017,추석,D-2,서울,389.366333333333333333333333
132,15,2017,추석,D-2,서울,370.208000000000000000000000
133,16,2017,추석,D-2,서울,374.333000000000000000000000
134,17,2017,추석,D-2,서울,380.972000000000000000000000
135,18,2017,추석,D-2,서울,360.683000000000000000000000
136,19,2017,추석,D-2,서울,372.316000000000000000000000
137,20,2017,추석,D-2,서울,425.008000000000000000000000
138,21,2017,추석,D-2,서울,416.983000000000000000000000
139,22,2017,추석,D-2,서울,418.633000000000000000000000
140,23,2017,추석,D-2,서울,465.733000000000000000000000
141,00,2017,추석,D-1,서울,355.149750000000000000000000
142,01,2017,추석,D-1,서울,338.237250000000000000000000
143,02,2017,추석,D-1,서울,332.094333333333333333333333
144,03,2017,추석,D-1,서울,321.937250000000000000000000
145,04,2017,추석,D-1,서울,319.120250000000000000000000
146,05,2017,추석,D-1,서울,312.791500000000000000000000
147,06,2017,추석,D-1,서울,353.299666666666666666666666
148,07,2017,추석,D-1,서울,365.478750000000000000000000
149,08,2017,추석,D-1,서울,359.405333333333333333333333
150,09,2017,추석,D-1,서울,371.227333333333333333333333
151,10,2017,추석,D-1,서울,409.037000000000000000000000
152,11,2017,추석,D-1,서울,431.694000000000000000000000
153,12,2017,추석,D-1,서울,430.466666666666666666666666
154,13,2017,추석,D-1,서울,424.988666666666666666666666
155,14,2017,추석,D-1,서울,419.583000000000000000000000
156,15,2017,추석,D-1,서울,419.872000000000000000000000
157,16,2017,추석,D-1,서울,424.760666666666666666666666
158,17,2017,추석,D-1,서울,413.699500000000000000000000
159,18,2017,추석,D-1,서울,399.408000000000000000000000
160,19,2017,추석,D-1,서울,425.510666666666666666666666
161,20,2017,추석,D-1,서울,459.525000000000000000000000
162,21,2017,추석,D-1,서울,424.825000000000000000000000
163,22,2017,추석,D-1,서울,362.250000000000000000000000
164,23,2017,추석,D-1,서울,353.050000000000000000000000
165,00,2017,추석,D,서울,311.849500000000000000000000
166,01,2017,추석,D,서울,289.928750000000000000000000
167,02,2017,추석,D,서울,293.270750000000000000000000
168,03,2017,추석,D,서울,282.888333333333333333333333
169,04,2017,추석,D,서울,273.272000000000000000000000
170,05,2017,추석,D,서울,267.577333333333333333333333
171,06,2017,추석,D,서울,297.555333333333333333333333
172,07,2017,추석,D,서울,320.155000000000000000000000
173,08,2017,추석,D,서울,357.377666666666666666666666
174,09,2017,추석,D,서울,386.544000000000000000000000
175,10,2017,추석,D,서울,366.766000000000000000000000
176,11,2017,추석,D,서울,390.741000000000000000000000
177,12,2017,추석,D,서울,412.325000000000000000000000
178,13,2017,추석,D,서울,434.091500000000000000000000
179,14,2017,추석,D,서울,446.883000000000000000000000
180,15,2017,추석,D,서울,470.277333333333333333333333
181,16,2017,추석,D,서울,435.024500000000000000000000
182,17,2017,추석,D,서울,441.425000000000000000000000
183,18,2017,추석,D,서울,460.300000000000000000000000
184,19,2017,추석,D,서울,500.483000000000000000000000
185,20,2017,추석,D,서울,527.483000000000000000000000
186,21,2017,추석,D,서울,515.916000000000000000000000
187,22,2017,추석,D,서울,538.650000000000000000000000
188,23,2017,추석,D,서울,529.549500000000000000000000
189,00,2017,추석,D+1,서울,360.060666666666666666666666
190,01,2017,추석,D+1,서울,315.425000000000000000000000
191,02,2017,추석,D+1,서울,311.708000000000000000000000
192,03,2017,추석,D+1,서울,307.408000000000000000000000
193,04,2017,추석,D+1,서울,294.949500000000000000000000
194,05,2017,추석,D+1,서울,286.560666666666666666666666
195,06,2017,추석,D+1,서울,315.060666666666666666666666
196,07,2017,추석,D+1,서울,345.855333333333333333333333
197,08,2017,추석,D+1,서울,378.994000000000000000000000
198,09,2017,추석,D+1,서울,415.188666666666666666666666
199,10,2017,추석,D+1,서울,342.316666666666666666666666
200,11,2017,추석,D+1,서울,374.758000000000000000000000
201,12,2017,추석,D+1,서울,392.099500000000000000000000
202,13,2017,추석,D+1,서울,402.850000000000000000000000
203,14,2017,추석,D+1,서울,405.400000000000000000000000
204,15,2017,추석,D+1,서울,419.758000000000000000000000
205,16,2017,추석,D+1,서울,421.499500000000000000000000
206,17,2017,추석,D+1,서울,384.988666666666666666666666
207,18,2017,추석,D+1,서울,474.827666666666666666666666
208,19,2017,추석,D+1,서울,497.358000000000000000000000
209,20,2017,추석,D+1,서울,463.083000000000000000000000
210,21,2017,추석,D+1,서울,434.508000000000000000000000
211,22,2017,추석,D+1,서울,400.958000000000000000000000
212,23,2017,추석,D+1,서울,454.300000000000000000000000
213,00,2017,추석,D+2,서울,339.741000000000000000000000
214,01,2017,추석,D+2,서울,314.875000000000000000000000
215,02,2017,추석,D+2,서울,304.725000000000000000000000
216,03,2017,추석,D+2,서울,297.383000000000000000000000
217,04,2017,추석,D+2,서울,291.816500000000000000000000
218,05,2017,추석,D+2,서울,281.472000000000000000000000
219,06,2017,추석,D+2,서울,301.124500000000000000000000
220,07,2017,추석,D+2,서울,297.724500000000000000000000
221,08,2017,추석,D+2,서울,288.941000000000000000000000
222,09,2017,추석,D+2,서울,274.922000000000000000000000
223,10,2017,추석,D+2,서울,291.083000000000000000000000
224,11,2017,추석,D+2,서울,294.875000000000000000000000
225,12,2017,추석,D+2,서울,302.194333333333333333333333
226,13,2017,추석,D+2,서울,301.616500000000000000000000
227,14,2017,추석,D+2,서울,301.774500000000000000000000
228,15,2017,추석,D+2,서울,298.408000000000000000000000
229,16,2017,추석,D+2,서울,294.608000000000000000000000
230,17,2017,추석,D+2,서울,302.510666666666666666666666
231,18,2017,추석,D+2,서울,302.024500000000000000000000
232,19,2017,추석,D+2,서울,292.024500000000000000000000
233,20,2017,추석,D+2,서울,298.866000000000000000000000
234,21,2017,추석,D+2,서울,305.400000000000000000000000
235,22,2017,추석,D+2,서울,295.366000000000000000000000
236,23,2017,추석,D+2,서울,283.500000000000000000000000
237,00,2017,추석,D+3,서울,265.266000000000000000000000
238,01,2017,추석,D+3,서울,251.966000000000000000000000
239,02,2017,추석,D+3,서울,254.200000000000000000000000
240,03,2017,추석,D+3,서울,269.133000000000000000000000
241,04,2017,추석,D+3,서울,270.625000000000000000000000
242,05,2017,추석,D+3,서울,286.649666666666666666666666
243,06,2017,추석,D+3,서울,285.749500000000000000000000
244,07,2017,추석,D+3,서울,292.666500000000000000000000
245,08,2017,추석,D+3,서울,291.099500000000000000000000
246,09,2017,추석,D+3,서울,285.116500000000000000000000
247,10,2017,추석,D+3,서울,276.200000000000000000000000
248,11,2017,추석,D+3,서울,279.991500000000000000000000
249,12,2017,추석,D+3,서울,281.691500000000000000000000
250,13,2017,추석,D+3,서울,295.544000000000000000000000
251,14,2017,추석,D+3,서울,281.100000000000000000000000
252,15,2017,추석,D+3,서울,283.841500000000000000000000
253,16,2017,추석,D+3,서울,284.283000000000000000000000
254,17,2017,추석,D+3,서울,279.349500000000000000000000
255,18,2017,추석,D+3,서울,274.825000000000000000000000
256,19,2017,추석,D+3,서울,283.205333333333333333333333
257,20,2017,추석,D+3,서울,259.266500000000000000000000
258,21,2017,추석,D+3,서울,286.433000000000000000000000
259,22,2017,추석,D+3,서울,279.050000000000000000000000
260,23,2017,추석,D+3,서울,259.750000000000000000000000
522,00,2018,추석,D-3,서울,214.224500000000000000000000
523,01,2018,추석,D-3,서울,217.708000000000000000000000
524,02,2018,추석,D-3,서울,220.658000000000000000000000
525,03,2018,추석,D-3,서울,235.333000000000000000000000
526,04,2018,추석,D-3,서울,248.283000000000000000000000
527,05,2018,추석,D-3,서울,259.544333333333333333333333
528,06,2018,추석,D-3,서울,260.383000000000000000000000
529,07,2018,추석,D-3,서울,272.391500000000000000000000
530,08,2018,추석,D-3,서울,276.574500000000000000000000
531,09,2018,추석,D-3,서울,276.158000000000000000000000
532,10,2018,추석,D-3,서울,282.849666666666666666666666
533,11,2018,추석,D-3,서울,289.200000000000000000000000
534,12,2018,추석,D-3,서울,301.405000000000000000000000
535,13,2018,추석,D-3,서울,303.208000000000000000000000
536,14,2018,추석,D-3,서울,304.624500000000000000000000
537,15,2018,추석,D-3,서울,312.416000000000000000000000
538,16,2018,추석,D-3,서울,308.133000000000000000000000
539,17,2018,추석,D-3,서울,306.688666666666666666666666
540,18,2018,추석,D-3,서울,305.224500000000000000000000
541,19,2018,추석,D-3,서울,298.616500000000000000000000
542,20,2018,추석,D-3,서울,287.324500000000000000000000
543,21,2018,추석,D-3,서울,309.766000000000000000000000
544,22,2018,추석,D-3,서울,321.200000000000000000000000
545,23,2018,추석,D-3,서울,301.883000000000000000000000
546,00,2018,추석,D-2,서울,289.741500000000000000000000
547,01,2018,추석,D-2,서울,286.350000000000000000000000
548,02,2018,추석,D-2,서울,287.191000000000000000000000
549,03,2018,추석,D-2,서울,285.833000000000000000000000
550,04,2018,추석,D-2,서울,323.866333333333333333333333
551,05,2018,추석,D-2,서울,282.841500000000000000000000
552,06,2018,추석,D-2,서울,329.077333333333333333333333
553,07,2018,추석,D-2,서울,338.733000000000000000000000
554,08,2018,추석,D-2,서울,331.733000000000000000000000
555,09,2018,추석,D-2,서울,350.066333333333333333333333
556,10,2018,추석,D-2,서울,349.524500000000000000000000
557,11,2018,추석,D-2,서울,375.716333333333333333333333
558,12,2018,추석,D-2,서울,378.194000000000000000000000
559,13,2018,추석,D-2,서울,375.594000000000000000000000
560,14,2018,추석,D-2,서울,376.788666666666666666666666
561,15,2018,추석,D-2,서울,368.849666666666666666666666
562,16,2018,추석,D-2,서울,367.399500000000000000000000
563,17,2018,추석,D-2,서울,369.533000000000000000000000
564,18,2018,추석,D-2,서울,365.733000000000000000000000
565,19,2018,추석,D-2,서울,323.233000000000000000000000
566,20,2018,추석,D-2,서울,379.933000000000000000000000
567,21,2018,추석,D-2,서울,360.316000000000000000000000
568,22,2018,추석,D-2,서울,340.316000000000000000000000
569,23,2018,추석,D-2,서울,295.466500000000000000000000
570,00,2018,추석,D-1,서울,374.616333333333333333333333
571,01,2018,추석,D-1,서울,365.427333333333333333333333
572,02,2018,추석,D-1,서울,350.572000000000000000000000
573,03,2018,추석,D-1,서울,333.588333333333333333333333
574,04,2018,추석,D-1,서울,316.266333333333333333333333
575,05,2018,추석,D-1,서울,332.011000000000000000000000
576,06,2018,추석,D-1,서울,337.816333333333333333333333
577,07,2018,추석,D-1,서울,311.677333333333333333333333
578,08,2018,추석,D-1,서울,313.738666666666666666666666
579,09,2018,추석,D-1,서울,338.572000000000000000000000
580,10,2018,추석,D-1,서울,350.260666666666666666666666
581,11,2018,추석,D-1,서울,370.666333333333333333333333
582,12,2018,추석,D-1,서울,379.083000000000000000000000
583,13,2018,추석,D-1,서울,391.783000000000000000000000
584,14,2018,추석,D-1,서울,344.777333333333333333333333
585,15,2018,추석,D-1,서울,341.638333333333333333333333
586,16,2018,추석,D-1,서울,341.511000000000000000000000
587,17,2018,추석,D-1,서울,344.849500000000000000000000
588,18,2018,추석,D-1,서울,327.316000000000000000000000
589,19,2018,추석,D-1,서울,320.725000000000000000000000
590,20,2018,추석,D-1,서울,309.771666666666666666666666
591,21,2018,추석,D-1,서울,326.975000000000000000000000
592,22,2018,추석,D-1,서울,356.866000000000000000000000
593,23,2018,추석,D-1,서울,330.100000000000000000000000
594,00,2018,추석,D,서울,255.433000000000000000000000
595,01,2018,추석,D,서울,286.871666666666666666666666
596,02,2018,추석,D,서울,267.833000000000000000000000
597,03,2018,추석,D,서울,282.705333333333333333333333
598,04,2018,추석,D,서울,280.949666666666666666666666
599,05,2018,추석,D,서울,256.016500000000000000000000
600,06,2018,추석,D,서울,284.471666666666666666666666
601,07,2018,추석,D,서울,294.433000000000000000000000
602,08,2018,추석,D,서울,294.310666666666666666666666
603,09,2018,추석,D,서울,320.272000000000000000000000
604,10,2018,추석,D,서울,349.799666666666666666666666
605,11,2018,추석,D,서울,373.010666666666666666666666
606,12,2018,추석,D,서울,407.858000000000000000000000
607,13,2018,추석,D,서울,414.175000000000000000000000
608,14,2018,추석,D,서울,420.666500000000000000000000
609,15,2018,추석,D,서울,436.983000000000000000000000
610,16,2018,추석,D,서울,453.291000000000000000000000
611,17,2018,추석,D,서울,467.608000000000000000000000
612,18,2018,추석,D,서울,481.908000000000000000000000
613,19,2018,추석,D,서울,447.741000000000000000000000
614,20,2018,추석,D,서울,548.683000000000000000000000
615,21,2018,추석,D,서울,544.833000000000000000000000
616,22,2018,추석,D,서울,508.000000000000000000000000
617,23,2018,추석,D,서울,457.283000000000000000000000
618,00,2018,추석,D+1,서울,248.683000000000000000000000
619,01,2018,추석,D+1,서울,304.724500000000000000000000
620,02,2018,추석,D+1,서울,291.216500000000000000000000
621,03,2018,추석,D+1,서울,283.958000000000000000000000
622,04,2018,추석,D+1,서울,282.849500000000000000000000
623,05,2018,추석,D+1,서울,270.016000000000000000000000
624,06,2018,추석,D+1,서울,274.474500000000000000000000
625,07,2018,추석,D+1,서울,272.066500000000000000000000
626,08,2018,추석,D+1,서울,268.524500000000000000000000
627,09,2018,추석,D+1,서울,305.425000000000000000000000
628,10,2018,추석,D+1,서울,303.800000000000000000000000
629,11,2018,추석,D+1,서울,305.988666666666666666666666
630,12,2018,추석,D+1,서울,314.133000000000000000000000
631,13,2018,추석,D+1,서울,312.433000000000000000000000
632,14,2018,추석,D+1,서울,312.705000000000000000000000
633,15,2018,추석,D+1,서울,315.341500000000000000000000
634,16,2018,추석,D+1,서울,306.961000000000000000000000
635,17,2018,추석,D+1,서울,309.888333333333333333333333
636,18,2018,추석,D+1,서울,307.188666666666666666666666
637,19,2018,추석,D+1,서울,328.858000000000000000000000
638,20,2018,추석,D+1,서울,327.741500000000000000000000
639,21,2018,추석,D+1,서울,305.733000000000000000000000
640,22,2018,추석,D+1,서울,292.116000000000000000000000
641,00,2018,추석,D+2,서울,251.933000000000000000000000
642,01,2018,추석,D+2,서울,256.200000000000000000000000
643,02,2018,추석,D+2,서울,257.758000000000000000000000
644,03,2018,추석,D+2,서울,250.724500000000000000000000
645,04,2018,추석,D+2,서울,259.541500000000000000000000
646,05,2018,추석,D+2,서울,258.361000000000000000000000
647,06,2018,추석,D+2,서울,258.091000000000000000000000
648,07,2018,추석,D+2,서울,242.127666666666666666666666
649,08,2018,추석,D+2,서울,242.071666666666666666666666
650,09,2018,추석,D+2,서울,245.449666666666666666666666
651,10,2018,추석,D+2,서울,260.500000000000000000000000
652,11,2018,추석,D+2,서울,276.499500000000000000000000
653,12,2018,추석,D+2,서울,272.716000000000000000000000
654,13,2018,추석,D+2,서울,265.900000000000000000000000
655,14,2018,추석,D+2,서울,269.141500000000000000000000
656,15,2018,추석,D+2,서울,270.016500000000000000000000
657,16,2018,추석,D+2,서울,267.049500000000000000000000
658,17,2018,추석,D+2,서울,267.824500000000000000000000
659,18,2018,추석,D+2,서울,265.208000000000000000000000
660,19,2018,추석,D+2,서울,258.749500000000000000000000
661,20,2018,추석,D+2,서울,268.250000000000000000000000
662,21,2018,추석,D+2,서울,265.383000000000000000000000
663,22,2018,추석,D+2,서울,273.516000000000000000000000
664,23,2018,추석,D+2,서울,269.183000000000000000000000
665,03,2018,추석,D+3,서울,
666,04,2018,추석,D+3,서울,254.216000000000000000000000
667,06,2018,추석,D+3,서울,225.633000000000000000000000
668,07,2018,추석,D+3,서울,274.466000000000000000000000
669,08,2018,추석,D+3,서울,272.266000000000000000000000
670,09,2018,추석,D+3,서울,276.466000000000000000000000
671,10,2018,추석,D+3,서울,306.038333333333333333333333
672,11,2018,추석,D+3,서울,300.505000000000000000000000
673,12,2018,추석,D+3,서울,295.972000000000000000000000
674,13,2018,추석,D+3,서울,301.220500000000000000000000
675,14,2018,추석,D+3,서울,288.487250000000000000000000
676,15,2018,추석,D+3,서울,288.528750000000000000000000
677,16,2018,추석,D+3,서울,278.370500000000000000000000
678,17,2018,추석,D+3,서울,284.194000000000000000000000
679,18,2018,추석,D+3,서울,260.262000000000000000000000
680,19,2018,추석,D+3,서울,277.258000000000000000000000
681,20,2018,추석,D+3,서울,268.141000000000000000000000
682,21,2018,추석,D+3,서울,251.616000000000000000000000
683,22,2018,추석,D+3,서울,240.808000000000000000000000
941,00,2019,추석,D-3,서울,240.866000000000000000000000
942,01,2019,추석,D-3,서울,317.974500000000000000000000
943,02,2019,추석,D-3,서울,302.449500000000000000000000
944,03,2019,추석,D-3,서울,312.158000000000000000000000
945,04,2019,추석,D-3,서울,306.499500000000000000000000
946,05,2019,추석,D-3,서울,300.841000000000000000000000
947,06,2019,추석,D-3,서울,293.683000000000000000000000
948,07,2019,추석,D-3,서울,286.508000000000000000000000
949,08,2019,추석,D-3,서울,283.558000000000000000000000
950,09,2019,추석,D-3,서울,280.608000000000000000000000
951,10,2019,추석,D-3,서울,274.494000000000000000000000
952,11,2019,추석,D-3,서울,283.588666666666666666666666
953,12,2019,추석,D-3,서울,281.671666666666666666666666
954,13,2019,추석,D-3,서울,278.633000000000000000000000
955,14,2019,추석,D-3,서울,278.483000000000000000000000
956,15,2019,추석,D-3,서울,279.283000000000000000000000
957,16,2019,추석,D-3,서울,278.474500000000000000000000
958,17,2019,추석,D-3,서울,273.466500000000000000000000
959,18,2019,추석,D-3,서울,269.100000000000000000000000
960,19,2019,추석,D-3,서울,260.010666666666666666666666
961,20,2019,추석,D-3,서울,258.191500000000000000000000
962,21,2019,추석,D-3,서울,274.033000000000000000000000
963,22,2019,추석,D-3,서울,269.166000000000000000000000
964,23,2019,추석,D-3,서울,262.441500000000000000000000
965,00,2019,추석,D-2,서울,280.758000000000000000000000
966,01,2019,추석,D-2,서울,277.691500000000000000000000
967,02,2019,추석,D-2,서울,275.858000000000000000000000
968,03,2019,추석,D-2,서울,268.241500000000000000000000
969,04,2019,추석,D-2,서울,261.599500000000000000000000
970,05,2019,추석,D-2,서울,269.983000000000000000000000
971,06,2019,추석,D-2,서울,280.691000000000000000000000
972,07,2019,추석,D-2,서울,279.433000000000000000000000
973,08,2019,추석,D-2,서울,304.044333333333333333333333
974,09,2019,추석,D-2,서울,289.908000000000000000000000
975,10,2019,추석,D-2,서울,299.933000000000000000000000
976,11,2019,추석,D-2,서울,316.771666666666666666666666
977,12,2019,추석,D-2,서울,339.805333333333333333333333
978,13,2019,추석,D-2,서울,347.916333333333333333333333
979,14,2019,추석,D-2,서울,357.177333333333333333333333
980,15,2019,추석,D-2,서울,374.455333333333333333333333
981,16,2019,추석,D-2,서울,354.408000000000000000000000
982,17,2019,추석,D-2,서울,348.127333333333333333333333
983,18,2019,추석,D-2,서울,346.033000000000000000000000
984,19,2019,추석,D-2,서울,360.674500000000000000000000
985,20,2019,추석,D-2,서울,377.691500000000000000000000
986,21,2019,추석,D-2,서울,381.966000000000000000000000
987,22,2019,추석,D-2,서울,408.300000000000000000000000
988,23,2019,추석,D-2,서울,393.500000000000000000000000
989,00,2019,추석,D-1,서울,369.238666666666666666666666
990,01,2019,추석,D-1,서울,368.961000000000000000000000
991,02,2019,추석,D-1,서울,355.966500000000000000000000
992,03,2019,추석,D-1,서울,365.291500000000000000000000
993,04,2019,추석,D-1,서울,476.171666666666666666666666
994,05,2019,추석,D-1,서울,481.954000000000000000000000
995,06,2019,추석,D-1,서울,496.029000000000000000000000
996,07,2019,추석,D-1,서울,468.466500000000000000000000
997,08,2019,추석,D-1,서울,478.327666666666666666666666
998,09,2019,추석,D-1,서울,470.749500000000000000000000
999,10,2019,추석,D-1,서울,475.974500000000000000000000
1000,11,2019,추석,D-1,서울,501.761000000000000000000000
1001,12,2019,추석,D-1,서울,471.191000000000000000000000
1002,13,2019,추석,D-1,서울,471.441500000000000000000000
1003,14,2019,추석,D-1,서울,498.516400000000000000000000
1004,15,2019,추석,D-1,서울,511.016500000000000000000000
1005,16,2019,추석,D-1,서울,496.154000000000000000000000
1006,17,2019,추석,D-1,서울,466.991000000000000000000000
1007,18,2019,추석,D-1,서울,483.638333333333333333333333
1008,19,2019,추석,D-1,서울,453.372000000000000000000000
1009,20,2019,추석,D-1,서울,390.000000000000000000000000
1010,21,2019,추석,D-1,서울,393.555333333333333333333333
1011,22,2019,추석,D-1,서울,382.116500000000000000000000
1012,23,2019,추석,D-1,서울,372.341000000000000000000000
1013,00,2019,추석,D+2,서울,285.675000000000000000000000
1014,01,2019,추석,D+2,서울,286.016500000000000000000000
1015,02,2019,추석,D+2,서울,284.908000000000000000000000
1016,03,2019,추석,D+2,서울,276.774500000000000000000000
1017,04,2019,추석,D+2,서울,293.400000000000000000000000
1018,08,2019,추석,D+2,서울,224.483000000000000000000000
1019,09,2019,추석,D+2,서울,240.133000000000000000000000
1020,10,2019,추석,D+2,서울,246.800000000000000000000000
1021,11,2019,추석,D+2,서울,228.666000000000000000000000
1022,12,2019,추석,D+2,서울,240.866500000000000000000000
1023,13,2019,추석,D+2,서울,249.041000000000000000000000
1024,14,2019,추석,D+2,서울,256.475000000000000000000000
1025,15,2019,추석,D+2,서울,256.116000000000000000000000
1026,16,2019,추석,D+2,서울,262.616500000000000000000000
1027,17,2019,추석,D+2,서울,265.949500000000000000000000
1028,18,2019,추석,D+2,서울,263.171666666666666666666666
1029,19,2019,추석,D+2,서울,264.250000000000000000000000
1030,20,2019,추석,D+2,서울,263.133000000000000000000000
1031,21,2019,추석,D+2,서울,257.700000000000000000000000
1032,22,2019,추석,D+2,서울,261.833000000000000000000000
1033,23,2019,추석,D+2,서울,265.341000000000000000000000
1034,00,2019,추석,D+3,서울,267.433000000000000000000000
1035,01,2019,추석,D+3,서울,242.499500000000000000000000
1036,02,2019,추석,D+3,서울,260.483000000000000000000000
1037,03,2019,추석,D+3,서울,257.983000000000000000000000
1038,04,2019,추석,D+3,서울,254.300000000000000000000000
1039,05,2019,추석,D+3,서울,265.233000000000000000000000
1040,06,2019,추석,D+3,서울,276.291500000000000000000000
1041,07,2019,추석,D+3,서울,257.983000000000000000000000
1042,08,2019,추석,D+3,서울,300.416000000000000000000000
1043,09,2019,추석,D+3,서울,279.733000000000000000000000
1044,10,2019,추석,D+3,서울,275.624500000000000000000000
1045,11,2019,추석,D+3,서울,289.900000000000000000000000
1046,12,2019,추석,D+3,서울,269.316500000000000000000000
1047,13,2019,추석,D+3,서울,274.011000000000000000000000
1048,14,2019,추석,D+3,서울,268.544000000000000000000000
1049,15,2019,추석,D+3,서울,271.549500000000000000000000
1050,16,2019,추석,D+3,서울,264.058000000000000000000000
1051,17,2019,추석,D+3,서울,265.999500000000000000000000
1052,18,2019,추석,D+3,서울,272.149750000000000000000000
1053,19,2019,추석,D+3,서울,262.022000000000000000000000
1054,20,2019,추석,D+3,서울,264.291500000000000000000000
1055,21,2019,추석,D+3,서울,273.966000000000000000000000
1056,22,2019,추석,D+3,서울,279.000000000000000000000000
1057,23,2019,추석,D+3,서울,254.350000000000000000000000
1313,00,2020,추석,D-3,서울,240.916000000000000000000000
1314,04,2020,추석,D-3,서울,203.716000000000000000000000
1315,05,2020,추석,D-3,서울,209.783000000000000000000000
1316,06,2020,추석,D-3,서울,219.366000000000000000000000
1317,07,2020,추석,D-3,서울,231.258000000000000000000000
1318,08,2020,추석,D-3,서울,231.516500000000000000000000
1319,09,2020,추석,D-3,서울,235.299500000000000000000000
1320,10,2020,추석,D-3,서울,235.866000000000000000000000
1321,11,2020,추석,D-3,서울,234.466500000000000000000000
1322,12,2020,추석,D-3,서울,252.524500000000000000000000
1323,13,2020,추석,D-3,서울,257.199500000000000000000000
1324,14,2020,추석,D-3,서울,253.991500000000000000000000
1325,15,2020,추석,D-3,서울,254.316500000000000000000000
1326,16,2020,추석,D-3,서울,254.024500000000000000000000
1327,17,2020,추석,D-3,서울,268.127333333333333333333333
1328,18,2020,추석,D-3,서울,249.375000000000000000000000
1329,19,2020,추석,D-3,서울,250.308000000000000000000000
1330,20,2020,추석,D-3,서울,249.949500000000000000000000
1331,21,2020,추석,D-3,서울,251.816000000000000000000000
1332,22,2020,추석,D-3,서울,278.858000000000000000000000
1333,23,2020,추석,D-3,서울,247.050000000000000000000000
1334,00,2020,추석,D-2,서울,252.091500000000000000000000
1335,01,2020,추석,D-2,서울,248.858000000000000000000000
1336,02,2020,추석,D-2,서울,245.733000000000000000000000
1337,03,2020,추석,D-2,서울,250.649500000000000000000000
1338,04,2020,추석,D-2,서울,249.808000000000000000000000
1339,05,2020,추석,D-2,서울,255.274500000000000000000000
1340,06,2020,추석,D-2,서울,259.441000000000000000000000
1341,07,2020,추석,D-2,서울,259.933000000000000000000000
1342,08,2020,추석,D-2,서울,261.274500000000000000000000
1343,09,2020,추석,D-2,서울,266.058000000000000000000000
1344,10,2020,추석,D-2,서울,270.083000000000000000000000
1345,11,2020,추석,D-2,서울,288.572000000000000000000000
1346,12,2020,추석,D-2,서울,278.241500000000000000000000
1347,13,2020,추석,D-2,서울,279.799500000000000000000000
1348,14,2020,추석,D-2,서울,295.944333333333333333333333
1349,15,2020,추석,D-2,서울,296.633000000000000000000000
1350,16,2020,추석,D-2,서울,308.958000000000000000000000
1351,17,2020,추석,D-2,서울,310.178750000000000000000000
1352,18,2020,추석,D-2,서울,303.872000000000000000000000
1353,19,2020,추석,D-2,서울,306.216250000000000000000000
1354,20,2020,추석,D-2,서울,316.816500000000000000000000
1355,21,2020,추석,D-2,서울,334.150000000000000000000000
1356,22,2020,추석,D-2,서울,319.849500000000000000000000
1357,23,2020,추석,D-2,서울,302.916500000000000000000000
1358,00,2020,추석,D-1,서울,285.866500000000000000000000
1359,01,2020,추석,D-1,서울,281.199500000000000000000000
1360,02,2020,추석,D-1,서울,289.949500000000000000000000
1361,03,2020,추석,D-1,서울,278.650000000000000000000000
1362,04,2020,추석,D-1,서울,271.416500000000000000000000
1363,05,2020,추석,D-1,서울,277.008000000000000000000000
1364,06,2020,추석,D-1,서울,277.549500000000000000000000
1365,07,2020,추석,D-1,서울,277.983000000000000000000000
1366,08,2020,추석,D-1,서울,287.841500000000000000000000
1367,09,2020,추석,D-1,서울,297.891000000000000000000000
1368,10,2020,추석,D-1,서울,310.991500000000000000000000
1369,11,2020,추석,D-1,서울,315.333000000000000000000000
1370,12,2020,추석,D-1,서울,316.005333333333333333333333
1371,13,2020,추석,D-1,서울,326.299500000000000000000000
1372,14,2020,추석,D-1,서울,320.058000000000000000000000
1373,15,2020,추석,D-1,서울,320.341500000000000000000000
1374,16,2020,추석,D-1,서울,313.624500000000000000000000
1375,17,2020,추석,D-1,서울,309.758000000000000000000000
1376,18,2020,추석,D-1,서울,304.944333333333333333333333
1377,19,2020,추석,D-1,서울,288.499500000000000000000000
1378,20,2020,추석,D-1,서울,267.258000000000000000000000
1379,21,2020,추석,D-1,서울,288.766000000000000000000000
1380,22,2020,추석,D-1,서울,279.483000000000000000000000
1381,23,2020,추석,D-1,서울,259.666000000000000000000000
1382,00,2020,추석,D,서울,262.441500000000000000000000
1383,01,2020,추석,D,서울,258.699500000000000000000000
1384,02,2020,추석,D,서울,252.091500000000000000000000
1385,03,2020,추석,D,서울,250.033000000000000000000000
1386,04,2020,추석,D,서울,248.383000000000000000000000
1387,05,2020,추석,D,서울,263.216000000000000000000000
1388,06,2020,추석,D,서울,255.341500000000000000000000
1389,07,2020,추석,D,서울,252.749500000000000000000000
1390,08,2020,추석,D,서울,251.374500000000000000000000
1391,09,2020,추석,D,서울,255.791500000000000000000000
1392,10,2020,추석,D,서울,262.358000000000000000000000
1393,11,2020,추석,D,서울,268.324500000000000000000000
1394,12,2020,추석,D,서울,271.325000000000000000000000
1395,13,2020,추석,D,서울,274.016500000000000000000000
1396,14,2020,추석,D,서울,275.891000000000000000000000
1397,15,2020,추석,D,서울,279.733000000000000000000000
1398,16,2020,추석,D,서울,278.425000000000000000000000
1399,17,2020,추석,D,서울,280.658000000000000000000000
1400,18,2020,추석,D,서울,280.241000000000000000000000
1401,19,2020,추석,D,서울,271.816500000000000000000000
1402,20,2020,추석,D,서울,261.975000000000000000000000
1403,21,2020,추석,D,서울,278.450000000000000000000000
1404,22,2020,추석,D,서울,260.733000000000000000000000
1405,23,2020,추석,D,서울,243.966000000000000000000000
1406,00,2020,추석,D+1,서울,346.891000000000000000000000
1407,01,2020,추석,D+1,서울,304.875000000000000000000000
1408,02,2020,추석,D+1,서울,297.816500000000000000000000
1409,03,2020,추석,D+1,서울,294.566000000000000000000000
1410,04,2020,추석,D+1,서울,278.808000000000000000000000
1411,05,2020,추석,D+1,서울,266.358000000000000000000000
1412,06,2020,추석,D+1,서울,266.205000000000000000000000
1413,07,2020,추석,D+1,서울,266.766666666666666666666666
1414,08,2020,추석,D+1,서울,261.816500000000000000000000
1415,09,2020,추석,D+1,서울,262.808000000000000000000000
1416,10,2020,추석,D+1,서울,262.533000000000000000000000
1417,11,2020,추석,D+1,서울,266.849666666666666666666666
1418,12,2020,추석,D+1,서울,265.271666666666666666666666
1419,13,2020,추석,D+1,서울,260.325000000000000000000000
1420,14,2020,추석,D+1,서울,262.333000000000000000000000
1421,15,2020,추석,D+1,서울,264.125000000000000000000000
1422,16,2020,추석,D+1,서울,267.341500000000000000000000
1423,17,2020,추석,D+1,서울,271.008000000000000000000000
1424,18,2020,추석,D+1,서울,268.391000000000000000000000
1425,19,2020,추석,D+1,서울,270.766000000000000000000000
1426,20,2020,추석,D+1,서울,268.650000000000000000000000
1427,21,2020,추석,D+1,서울,274.166000000000000000000000
1428,22,2020,추석,D+1,서울,260.216000000000000000000000
1429,01,2020,추석,D+2,서울,254.999500000000000000000000
1430,02,2020,추석,D+2,서울,247.733000000000000000000000
1431,03,2020,추석,D+2,서울,263.741000000000000000000000
1432,04,2020,추석,D+2,서울,263.175000000000000000000000
1433,05,2020,추석,D+2,서울,262.608000000000000000000000
1434,06,2020,추석,D+2,서울,261.149500000000000000000000
1435,07,2020,추석,D+2,서울,257.349500000000000000000000
1436,08,2020,추석,D+2,서울,254.758000000000000000000000
1437,09,2020,추석,D+2,서울,253.516500000000000000000000
1438,10,2020,추석,D+2,서울,254.633000000000000000000000
1439,11,2020,추석,D+2,서울,250.824500000000000000000000
1440,12,2020,추석,D+2,서울,254.958000000000000000000000
1441,13,2020,추석,D+2,서울,255.491500000000000000000000
1442,14,2020,추석,D+2,서울,252.249500000000000000000000
1443,15,2020,추석,D+2,서울,252.625000000000000000000000
1444,16,2020,추석,D+2,서울,256.124500000000000000000000
1445,17,2020,추석,D+2,서울,251.333000000000000000000000
1446,18,2020,추석,D+2,서울,240.554000000000000000000000
1447,19,2020,추석,D+2,서울,242.977333333333333333333333
1448,20,2020,추석,D+2,서울,250.066000000000000000000000
1449,21,2020,추석,D+2,서울,243.433000000000000000000000
1450,22,2020,추석,D+2,서울,233.188666666666666666666666
1451,23,2020,추석,D+2,서울,240.116000000000000000000000
1452,00,2020,추석,D+3,서울,345.433000000000000000000000
1453,01,2020,추석,D+3,서울,298.250000000000000000000000
1454,02,2020,추석,D+3,서울,318.633000000000000000000000
1455,03,2020,추석,D+3,서울,339.000000000000000000000000
1456,04,2020,추석,D+3,서울,259.299500000000000000000000
1457,05,2020,추석,D+3,서울,278.616000000000000000000000
1458,06,2020,추석,D+3,서울,313.383000000000000000000000
1459,07,2020,추석,D+3,서울,308.308000000000000000000000
1460,08,2020,추석,D+3,서울,322.408000000000000000000000
1461,09,2020,추석,D+3,서울,299.358000000000000000000000
1462,10,2020,추석,D+3,서울,353.216500000000000000000000
1463,11,2020,추석,D+3,서울,325.299500000000000000000000
1464,12,2020,추석,D+3,서울,310.774500000000000000000000
1465,13,2020,추석,D+3,서울,296.258000000000000000000000
1466,14,2020,추석,D+3,서울,280.233000000000000000000000
1467,15,2020,추석,D+3,서울,279.991500000000000000000000
1468,16,2020,추석,D+3,서울,270.291500000000000000000000
1469,17,2020,추석,D+3,서울,266.299500000000000000000000
1470,18,2020,추석,D+3,서울,259.791500000000000000000000
1471,19,2020,추석,D+3,서울,284.655333333333333333333333
1472,20,2020,추석,D+3,서울,273.183000000000000000000000
1473,21,2020,추석,D+3,서울,265.833000000000000000000000
1474,22,2020,추석,D+3,서울,266.183000000000000000000000
1475,23,2020,추석,D+3,서울,260.450000000000000000000000
1728,00,2021,추석,D-3,서울,257.041500000000000000000000
1729,01,2021,추석,D-3,서울,260.999500000000000000000000
1730,02,2021,추석,D-3,서울,259.424500000000000000000000
1731,03,2021,추석,D-3,서울,253.741500000000000000000000
1732,04,2021,추석,D-3,서울,254.716000000000000000000000
1733,05,2021,추석,D-3,서울,262.149500000000000000000000
1734,06,2021,추석,D-3,서울,276.074500000000000000000000
1735,07,2021,추석,D-3,서울,294.591000000000000000000000
1736,08,2021,추석,D-3,서울,292.133000000000000000000000
1737,09,2021,추석,D-3,서울,302.983000000000000000000000
1738,10,2021,추석,D-3,서울,322.025000000000000000000000
1739,11,2021,추석,D-3,서울,348.421666666666666666666666
1740,12,2021,추석,D-3,서울,345.416333333333333333333333
1741,13,2021,추석,D-3,서울,352.644333333333333333333333
1742,14,2021,추석,D-3,서울,358.877333333333333333333333
1743,15,2021,추석,D-3,서울,359.282666666666666666666666
1744,16,2021,추석,D-3,서울,345.616333333333333333333333
1745,17,2021,추석,D-3,서울,353.787250000000000000000000
1746,18,2021,추석,D-3,서울,345.937000000000000000000000
1747,19,2021,추석,D-3,서울,341.216333333333333333333333
1748,20,2021,추석,D-3,서울,357.391000000000000000000000
1749,21,2021,추석,D-3,서울,348.308000000000000000000000
1750,22,2021,추석,D-3,서울,340.375000000000000000000000
1751,23,2021,추석,D-3,서울,324.824500000000000000000000
1752,00,2021,추석,D-2,서울,290.900000000000000000000000
1753,01,2021,추석,D-2,서울,277.366500000000000000000000
1754,02,2021,추석,D-2,서울,264.121666666666666666666666
1755,03,2021,추석,D-2,서울,268.266333333333333333333333
1756,04,2021,추석,D-2,서울,266.560666666666666666666666
1757,05,2021,추석,D-2,서울,307.149666666666666666666666
1758,06,2021,추석,D-2,서울,293.872000000000000000000000
1759,07,2021,추석,D-2,서울,289.944000000000000000000000
1760,08,2021,추석,D-2,서울,293.350000000000000000000000
1761,09,2021,추석,D-2,서울,300.841500000000000000000000
1762,10,2021,추석,D-2,서울,309.433000000000000000000000
1763,11,2021,추석,D-2,서울,323.833000000000000000000000
1764,12,2021,추석,D-2,서울,332.249500000000000000000000
1765,13,2021,추석,D-2,서울,343.599500000000000000000000
1766,14,2021,추석,D-2,서울,346.891000000000000000000000
1767,15,2021,추석,D-2,서울,374.521666666666666666666666
1768,16,2021,추석,D-2,서울,341.966500000000000000000000
1769,17,2021,추석,D-2,서울,341.841500000000000000000000
1770,18,2021,추석,D-2,서울,344.958000000000000000000000
1771,19,2021,추석,D-2,서울,335.591500000000000000000000
1772,20,2021,추석,D-2,서울,368.250000000000000000000000
1773,21,2021,추석,D-2,서울,345.466000000000000000000000
1774,22,2021,추석,D-2,서울,381.316500000000000000000000
1775,23,2021,추석,D-2,서울,312.300000000000000000000000
1776,00,2021,추석,D-1,서울,228.716000000000000000000000
1777,01,2021,추석,D-1,서울,240.875000000000000000000000
1778,02,2021,추석,D-1,서울,243.633000000000000000000000
1779,03,2021,추석,D-1,서울,242.016500000000000000000000
1780,04,2021,추석,D-1,서울,254.077666666666666666666666
1781,05,2021,추석,D-1,서울,248.641000000000000000000000
1782,06,2021,추석,D-1,서울,251.149500000000000000000000
1783,07,2021,추석,D-1,서울,255.824500000000000000000000
1784,08,2021,추석,D-1,서울,261.233000000000000000000000
1785,09,2021,추석,D-1,서울,275.872000000000000000000000
1786,10,2021,추석,D-1,서울,288.558000000000000000000000
1787,11,2021,추석,D-1,서울,294.608000000000000000000000
1788,12,2021,추석,D-1,서울,296.066000000000000000000000
1789,13,2021,추석,D-1,서울,295.425000000000000000000000
1790,14,2021,추석,D-1,서울,296.583000000000000000000000
1791,15,2021,추석,D-1,서울,297.049500000000000000000000
1792,16,2021,추석,D-1,서울,303.216500000000000000000000
1793,17,2021,추석,D-1,서울,298.991500000000000000000000
1794,18,2021,추석,D-1,서울,287.533000000000000000000000
1795,19,2021,추석,D-1,서울,274.024500000000000000000000
1796,20,2021,추석,D-1,서울,264.866500000000000000000000
1797,21,2021,추석,D-1,서울,264.500000000000000000000000
1798,22,2021,추석,D-1,서울,274.600000000000000000000000
1799,23,2021,추석,D-1,서울,246.266000000000000000000000
1800,00,2021,추석,D,서울,219.458000000000000000000000
1801,01,2021,추석,D,서울,239.066500000000000000000000
1802,02,2021,추석,D,서울,248.516500000000000000000000
1803,03,2021,추석,D,서울,271.528750000000000000000000
1804,04,2021,추석,D,서울,252.408000000000000000000000
1805,05,2021,추석,D,서울,267.888666666666666666666666
1806,06,2021,추석,D,서울,282.194000000000000000000000
1807,07,2021,추석,D,서울,290.625000000000000000000000
1808,08,2021,추석,D,서울,303.416000000000000000000000
1809,09,2021,추석,D,서울,294.874500000000000000000000
1810,10,2021,추석,D,서울,301.000000000000000000000000
1811,11,2021,추석,D,서울,326.558000000000000000000000
1812,12,2021,추석,D,서울,345.999500000000000000000000
1813,13,2021,추석,D,서울,348.427666666666666666666666
1814,14,2021,추석,D,서울,369.949500000000000000000000
1815,15,2021,추석,D,서울,359.241500000000000000000000
1816,16,2021,추석,D,서울,345.858000000000000000000000
1817,17,2021,추석,D,서울,337.724500000000000000000000
1818,18,2021,추석,D,서울,327.999500000000000000000000
1819,19,2021,추석,D,서울,319.033333333333333333333333
1820,20,2021,추석,D,서울,348.916000000000000000000000
1821,21,2021,추석,D,서울,303.500000000000000000000000
1822,22,2021,추석,D,서울,286.183000000000000000000000
1823,23,2021,추석,D,서울,279.633000000000000000000000
1824,00,2021,추석,D+1,서울,269.300000000000000000000000
1825,01,2021,추석,D+1,서울,266.283000000000000000000000
1826,02,2021,추석,D+1,서울,263.250000000000000000000000
1827,03,2021,추석,D+1,서울,256.383000000000000000000000
1828,04,2021,추석,D+1,서울,265.983000000000000000000000
1829,05,2021,추석,D+1,서울,240.299500000000000000000000
1830,06,2021,추석,D+1,서울,237.783000000000000000000000
1831,07,2021,추석,D+1,서울,268.016000000000000000000000
1832,08,2021,추석,D+1,서울,242.083000000000000000000000
1833,09,2021,추석,D+1,서울,248.358000000000000000000000
1834,10,2021,추석,D+1,서울,247.999500000000000000000000
1835,11,2021,추석,D+1,서울,259.866000000000000000000000
1836,12,2021,추석,D+1,서울,262.166333333333333333333333
1837,13,2021,추석,D+1,서울,266.358000000000000000000000
1838,14,2021,추석,D+1,서울,270.541000000000000000000000
1839,15,2021,추석,D+1,서울,273.558000000000000000000000
1840,16,2021,추석,D+1,서울,258.749666666666666666666666
1841,17,2021,추석,D+1,서울,276.816000000000000000000000
1842,18,2021,추석,D+1,서울,269.541500000000000000000000
1843,19,2021,추석,D+1,서울,267.333000000000000000000000
1844,20,2021,추석,D+1,서울,250.208000000000000000000000
1845,21,2021,추석,D+1,서울,277.483000000000000000000000
1846,22,2021,추석,D+1,서울,270.683000000000000000000000
1847,23,2021,추석,D+1,서울,263.866000000000000000000000
1848,00,2021,추석,D+2,서울,225.483000000000000000000000
1849,05,2021,추석,D+2,서울,
1850,06,2021,추석,D+2,서울,227.116000000000000000000000
1851,07,2021,추석,D+2,서울,236.983000000000000000000000
1852,08,2021,추석,D+2,서울,218.400000000000000000000000
1853,09,2021,추석,D+2,서울,215.458000000000000000000000
1854,10,2021,추석,D+2,서울,225.949500000000000000000000
1855,11,2021,추석,D+2,서울,236.324500000000000000000000
1856,12,2021,추석,D+2,서울,240.983000000000000000000000
1857,13,2021,추석,D+2,서울,243.108000000000000000000000
1858,14,2021,추석,D+2,서울,249.094000000000000000000000
1859,15,2021,추석,D+2,서울,259.149666666666666666666666
1860,16,2021,추석,D+2,서울,263.166500000000000000000000
1861,17,2021,추석,D+2,서울,243.616000000000000000000000
1862,18,2021,추석,D+2,서울,254.216000000000000000000000
1863,19,2021,추석,D+2,서울,256.516000000000000000000000
1864,20,2021,추석,D+2,서울,258.800000000000000000000000
1865,21,2021,추석,D+2,서울,265.433000000000000000000000
1866,22,2021,추석,D+2,서울,300.650000000000000000000000
1867,00,2021,추석,D+3,서울,233.333000000000000000000000
1868,01,2021,추석,D+3,서울,293.716000000000000000000000
1869,02,2021,추석,D+3,서울,281.900000000000000000000000
1870,03,2021,추석,D+3,서울,270.100000000000000000000000
1871,04,2021,추석,D+3,서울,258.283000000000000000000000
1872,05,2021,추석,D+3,서울,246.466000000000000000000000
1873,06,2021,추석,D+3,서울,253.183000000000000000000000
1874,07,2021,추석,D+3,서울,266.566000000000000000000000
1875,08,2021,추석,D+3,서울,269.316000000000000000000000
1876,09,2021,추석,D+3,서울,266.549500000000000000000000
1877,10,2021,추석,D+3,서울,264.216500000000000000000000
1878,11,2021,추석,D+3,서울,269.641000000000000000000000
1879,12,2021,추석,D+3,서울,271.266000000000000000000000
1880,13,2021,추석,D+3,서울,266.341500000000000000000000
1881,14,2021,추석,D+3,서울,263.083000000000000000000000
1882,15,2021,추석,D+3,서울,272.441000000000000000000000
1883,16,2021,추석,D+3,서울,271.983000000000000000000000
1884,17,2021,추석,D+3,서울,279.772000000000000000000000
1885,18,2021,추석,D+3,서울,277.775000000000000000000000
1886,19,2021,추석,D+3,서울,286.816000000000000000000000
1887,20,2021,추석,D+3,서울,301.116000000000000000000000
1888,21,2021,추석,D+3,서울,315.433000000000000000000000
1889,22,2021,추석,D+3,서울,329.733000000000000000000000
