시간,연도,연휴,sphlDfttCode,sphlDfttScopTypeNm,sphlDfttScopTypeCode,출발지,도착지,소요시간(분)
0,2017,추석,3,D-3,1,서울,부산,274.466
1,2017,추석,3,D-3,1,서울,부산,260.141
2,2017,추석,3,D-3,1,서울,부산,269.225
3,2017,추석,3,D-3,1,서울,부산,263.72166666666664
4,2017,추석,3,D-3,1,서울,부산,264.08866666666665
5,2017,추석,3,D-3,1,서울,부산,262.533
6,2017,추석,3,D-3,1,서울,부산,277.833
7,2017,추석,3,D-3,1,서울,부산,275.887
8,2017,추석,3,D-3,1,서울,부산,281.772
9,2017,추석,3,D-3,1,서울,부산,282.09975
10,2017,추석,3,D-3,1,서울,부산,292.0553333333333
11,2017,추석,3,D-3,1,서울,부산,287.99966666666666
12,2017,추석,3,D-3,1,서울,부산,289.82733333333334
13,2017,추석,3,D-3,1,서울,부산,314.9443333333333
14,2017,추석,3,D-3,1,서울,부산,294.244
15,2017,추석,3,D-3,1,서울,부산,303.355
16,2017,추석,3,D-3,1,서울,부산,340.43333333333334
17,2017,추석,3,D-3,1,서울,부산,320.0245
18,2017,추석,3,D-3,1,서울,부산,313.2995
19,2017,추석,3,D-3,1,서울,부산,307.9665
20,2017,추석,3,D-3,1,서울,부산,329.766
21,2017,추석,3,D-3,1,서울,부산,325.933
22,2017,추석,3,D-3,1,서울,부산,325.433
23,2017,추석,3,D-3,1,서울,부산,357.258
0,2017,추석,3,D-2,2,서울,부산,298.683
1,2017,추석,3,D-2,2,서울,부산,297.883
2,2017,추석,3,D-2,2,서울,부산,288.466
3,2017,추석,3,D-2,2,서울,부산,292.008
4,2017,추석,3,D-2,2,서울,부산,279.2995
5,2017,추석,3,D-2,2,서울,부산,275.3495
6,2017,추석,3,D-2,2,서울,부산,279.558
7,2017,추석,3,D-2,2,서울,부산,359.7606666666666
8,2017,추석,3,D-2,2,서울,부산,348.2273333333333
9,2017,추석,3,D-2,2,서울,부산,349.472
10,2017,추석,3,D-2,2,서울,부산,345.9216666666666
11,2017,추석,3,D-2,2,서울,부산,351.744
12,2017,추석,3,D-2,2,서울,부산,367.872
13,2017,추석,3,D-2,2,서울,부산,379.672
14,2017,추석,3,D-2,2,서울,부산,389.3663333333333
15,2017,추석,3,D-2,2,서울,부산,370.208
16,2017,추석,3,D-2,2,서울,부산,374.333
17,2017,추석,3,D-2,2,서울,부산,380.972
18,2017,추석,3,D-2,2,서울,부산,360.683
19,2017,추석,3,D-2,2,서울,부산,372.316
20,2017,추석,3,D-2,2,서울,부산,425.008
21,2017,추석,3,D-2,2,서울,부산,416.983
22,2017,추석,3,D-2,2,서울,부산,418.633
23,2017,추석,3,D-2,2,서울,부산,465.733
0,2017,추석,3,D-1,3,서울,부산,355.14975
1,2017,추석,3,D-1,3,서울,부산,338.23725
2,2017,추석,3,D-1,3,서울,부산,332.09433333333334
3,2017,추석,3,D-1,3,서울,부산,321.93725
4,2017,추석,3,D-1,3,서울,부산,319.12025
5,2017,추석,3,D-1,3,서울,부산,312.7915
6,2017,추석,3,D-1,3,서울,부산,353.29966666666667
7,2017,추석,3,D-1,3,서울,부산,365.47875
8,2017,추석,3,D-1,3,서울,부산,359.4053333333333
9,2017,추석,3,D-1,3,서울,부산,371.22733333333326
10,2017,추석,3,D-1,3,서울,부산,409.037
11,2017,추석,3,D-1,3,서울,부산,431.694
12,2017,추석,3,D-1,3,서울,부산,430.46666666666664
13,2017,추석,3,D-1,3,서울,부산,424.98866666666663
14,2017,추석,3,D-1,3,서울,부산,419.583
15,2017,추석,3,D-1,3,서울,부산,419.872
16,2017,추석,3,D-1,3,서울,부산,424.7606666666666
17,2017,추석,3,D-1,3,서울,부산,413.6995
18,2017,추석,3,D-1,3,서울,부산,399.408
19,2017,추석,3,D-1,3,서울,부산,425.5106666666666
20,2017,추석,3,D-1,3,서울,부산,459.525
21,2017,추석,3,D-1,3,서울,부산,424.825
22,2017,추석,3,D-1,3,서울,부산,362.25
23,2017,추석,3,D-1,3,서울,부산,353.05
0,2017,추석,3,D,4,서울,부산,311.8495
1,2017,추석,3,D,4,서울,부산,289.92875
2,2017,추석,3,D,4,서울,부산,293.27075
3,2017,추석,3,D,4,서울,부산,282.8883333333333
4,2017,추석,3,D,4,서울,부산,273.272
5,2017,추석,3,D,4,서울,부산,267.57733333333334
6,2017,추석,3,D,4,서울,부산,297.5553333333333
7,2017,추석,3,D,4,서울,부산,320.155
8,2017,추석,3,D,4,서울,부산,357.37766666666664
9,2017,추석,3,D,4,서울,부산,386.544
10,2017,추석,3,D,4,서울,부산,366.766
11,2017,추석,3,D,4,서울,부산,390.741
12,2017,추석,3,D,4,서울,부산,412.325
13,2017,추석,3,D,4,서울,부산,434.0915
14,2017,추석,3,D,4,서울,부산,446.883
15,2017,추석,3,D,4,서울,부산,470.2773333333333
16,2017,추석,3,D,4,서울,부산,435.0245
17,2017,추석,3,D,4,서울,부산,441.425
18,2017,추석,3,D,4,서울,부산,460.3
19,2017,추석,3,D,4,서울,부산,500.483
20,2017,추석,3,D,4,서울,부산,527.483
21,2017,추석,3,D,4,서울,부산,515.916
22,2017,추석,3,D,4,서울,부산,538.65
23,2017,추석,3,D,4,서울,부산,529.5495
0,2017,추석,3,D+1,5,서울,부산,360.06066666666663
1,2017,추석,3,D+1,5,서울,부산,315.425
2,2017,추석,3,D+1,5,서울,부산,311.708
3,2017,추석,3,D+1,5,서울,부산,307.408
4,2017,추석,3,D+1,5,서울,부산,294.9495
5,2017,추석,3,D+1,5,서울,부산,286.56066666666663
6,2017,추석,3,D+1,5,서울,부산,315.06066666666663
7,2017,추석,3,D+1,5,서울,부산,345.8553333333333
8,2017,추석,3,D+1,5,서울,부산,378.994
9,2017,추석,3,D+1,5,서울,부산,415.1886666666666
10,2017,추석,3,D+1,5,서울,부산,342.31666666666666
11,2017,추석,3,D+1,5,서울,부산,374.758
12,2017,추석,3,D+1,5,서울,부산,392.0995
13,2017,추석,3,D+1,5,서울,부산,402.85
14,2017,추석,3,D+1,5,서울,부산,405.4
15,2017,추석,3,D+1,5,서울,부산,419.758
16,2017,추석,3,D+1,5,서울,부산,421.4995
17,2017,추석,3,D+1,5,서울,부산,384.98866666666663
18,2017,추석,3,D+1,5,서울,부산,474.82766666666663
19,2017,추석,3,D+1,5,서울,부산,497.358
20,2017,추석,3,D+1,5,서울,부산,463.083
21,2017,추석,3,D+1,5,서울,부산,434.508
22,2017,추석,3,D+1,5,서울,부산,400.958
23,2017,추석,3,D+1,5,서울,부산,454.3
0,2017,추석,3,D+2,6,서울,부산,339.741
1,2017,추석,3,D+2,6,서울,부산,314.875
2,2017,추석,3,D+2,6,서울,부산,304.725
3,2017,추석,3,D+2,6,서울,부산,297.383
4,2017,추석,3,D+2,6,서울,부산,291.8165
5,2017,추석,3,D+2,6,서울,부산,281.472
6,2017,추석,3,D+2,6,서울,부산,301.1245
7,2017,추석,3,D+2,6,서울,부산,297.7245
8,2017,추석,3,D+2,6,서울,부산,288.941
9,2017,추석,3,D+2,6,서울,부산,274.922
10,2017,추석,3,D+2,6,서울,부산,291.083
11,2017,추석,3,D+2,6,서울,부산,294.875
12,2017,추석,3,D+2,6,서울,부산,302.1943333333333
13,2017,추석,3,D+2,6,서울,부산,301.6165
14,2017,추석,3,D+2,6,서울,부산,301.7745
15,2017,추석,3,D+2,6,서울,부산,298.408
16,2017,추석,3,D+2,6,서울,부산,294.608
17,2017,추석,3,D+2,6,서울,부산,302.5106666666666
18,2017,추석,3,D+2,6,서울,부산,302.0245
19,2017,추석,3,D+2,6,서울,부산,292.0245
20,2017,추석,3,D+2,6,서울,부산,298.866
21,2017,추석,3,D+2,6,서울,부산,305.4
22,2017,추석,3,D+2,6,서울,부산,295.366
23,2017,추석,3,D+2,6,서울,부산,283.5
0,2017,추석,3,D+3,7,서울,부산,265.266
1,2017,추석,3,D+3,7,서울,부산,251.966
2,2017,추석,3,D+3,7,서울,부산,254.2
3,2017,추석,3,D+3,7,서울,부산,269.133
4,2017,추석,3,D+3,7,서울,부산,270.625
5,2017,추석,3,D+3,7,서울,부산,286.64966666666663
6,2017,추석,3,D+3,7,서울,부산,285.7495
7,2017,추석,3,D+3,7,서울,부산,292.6665
8,2017,추석,3,D+3,7,서울,부산,291.0995
9,2017,추석,3,D+3,7,서울,부산,285.1165
10,2017,추석,3,D+3,7,서울,부산,276.2
11,2017,추석,3,D+3,7,서울,부산,279.9915
12,2017,추석,3,D+3,7,서울,부산,281.6915
13,2017,추석,3,D+3,7,서울,부산,295.544
14,2017,추석,3,D+3,7,서울,부산,281.1
15,2017,추석,3,D+3,7,서울,부산,283.8415
16,2017,추석,3,D+3,7,서울,부산,284.283
17,2017,추석,3,D+3,7,서울,부산,279.3495
18,2017,추석,3,D+3,7,서울,부산,274.825
19,2017,추석,3,D+3,7,서울,부산,283.20533333333333
20,2017,추석,3,D+3,7,서울,부산,259.2665
21,2017,추석,3,D+3,7,서울,부산,286.433
22,2017,추석,3,D+3,7,서울,부산,279.05
23,2017,추석,3,D+3,7,서울,부산,259.75
0,2018,연말연시,1,D,4,서울,부산,228.441
1,2018,연말연시,1,D,4,서울,부산,232.283
2,2018,연말연시,1,D,4,서울,부산,236.333
3,2018,연말연시,1,D,4,서울,부산,230.875
4,2018,연말연시,1,D,4,서울,부산,235.7745
5,2018,연말연시,1,D,4,서울,부산,249.9
6,2018,연말연시,1,D,4,서울,부산,261.7495
7,2018,연말연시,1,D,4,서울,부산,258.3245
8,2018,연말연시,1,D,4,서울,부산,278.683
9,2018,연말연시,1,D,4,서울,부산,274.6665
10,2018,연말연시,1,D,4,서울,부산,274.441
11,2018,연말연시,1,D,4,서울,부산,274.458
12,2018,연말연시,1,D,4,서울,부산,273.658
13,2018,연말연시,1,D,4,서울,부산,278.433
14,2018,연말연시,1,D,4,서울,부산,283.983
15,2018,연말연시,1,D,4,서울,부산,287.1915
16,2018,연말연시,1,D,4,서울,부산,279.766
17,2018,연말연시,1,D,4,서울,부산,292.1716666666666
18,2018,연말연시,1,D,4,서울,부산,279.075
19,2018,연말연시,1,D,4,서울,부산,280.191
20,2018,연말연시,1,D,4,서울,부산,269.5745
21,2018,연말연시,1,D,4,서울,부산,305.666
22,2018,연말연시,1,D,4,서울,부산,307.808
23,2018,연말연시,1,D,4,서울,부산,274.05
0,2018,연말연시,1,D+1,5,서울,부산,292.55
1,2018,연말연시,1,D+1,5,서울,부산,284.066
2,2018,연말연시,1,D+1,5,서울,부산,262.633
3,2018,연말연시,1,D+1,5,서울,부산,
7,2018,연말연시,1,D+1,5,서울,부산,255.9
8,2018,연말연시,1,D+1,5,서울,부산,248.8
9,2018,연말연시,1,D+1,5,서울,부산,242.383
10,2018,연말연시,1,D+1,5,서울,부산,330.8553333333333
11,2018,연말연시,1,D+1,5,서울,부산,264.4943333333333
12,2018,연말연시,1,D+1,5,서울,부산,298.36066666666665
13,2018,연말연시,1,D+1,5,서울,부산,281.64966666666663
14,2018,연말연시,1,D+1,5,서울,부산,261.383
15,2018,연말연시,1,D+1,5,서울,부산,265.21066666666667
16,2018,연말연시,1,D+1,5,서울,부산,260.333
17,2018,연말연시,1,D+1,5,서울,부산,266.283
18,2018,연말연시,1,D+1,5,서울,부산,265.14933333333335
19,2018,연말연시,1,D+1,5,서울,부산,265.1245
20,2018,연말연시,1,D+1,5,서울,부산,258.4
21,2018,연말연시,1,D+1,5,서울,부산,257.95
22,2018,연말연시,1,D+1,5,서울,부산,267.983
23,2018,연말연시,1,D+1,5,서울,부산,265.5995
0,2018,연말연시,1,D+2,6,서울,부산,272.083
1,2018,연말연시,1,D+2,6,서울,부산,274.3245
2,2018,연말연시,1,D+2,6,서울,부산,286.108
3,2018,연말연시,1,D+2,6,서울,부산,298.233
4,2018,연말연시,1,D+2,6,서울,부산,298.7745
5,2018,연말연시,1,D+2,6,서울,부산,297.7165
6,2018,연말연시,1,D+2,6,서울,부산,298.608
7,2018,연말연시,1,D+2,6,서울,부산,286.7665
8,2018,연말연시,1,D+2,6,서울,부산,290.991
9,2018,연말연시,1,D+2,6,서울,부산,284.3995
10,2018,연말연시,1,D+2,6,서울,부산,272.8553333333333
11,2018,연말연시,1,D+2,6,서울,부산,269.658
12,2018,연말연시,1,D+2,6,서울,부산,266.2165
13,2018,연말연시,1,D+2,6,서울,부산,263.6245
14,2018,연말연시,1,D+2,6,서울,부산,267.183
15,2018,연말연시,1,D+2,6,서울,부산,265.058
16,2018,연말연시,1,D+2,6,서울,부산,255.858
17,2018,연말연시,1,D+2,6,서울,부산,255.883
18,2018,연말연시,1,D+2,6,서울,부산,256.833
19,2018,연말연시,1,D+2,6,서울,부산,254.1745
20,2018,연말연시,1,D+2,6,서울,부산,249.575
21,2018,연말연시,1,D+2,6,서울,부산,250.116
22,2018,연말연시,1,D+2,6,서울,부산,246.2
23,2018,연말연시,1,D+2,6,서울,부산,242.283
0,2018,연말연시,1,D+3,7,서울,부산,226.316
1,2018,연말연시,1,D+3,7,서울,부산,244.5
2,2018,연말연시,1,D+3,7,서울,부산,261.416
3,2018,연말연시,1,D+3,7,서울,부산,263.6665
4,2018,연말연시,1,D+3,7,서울,부산,271.491
5,2018,연말연시,1,D+3,7,서울,부산,293.916
6,2018,연말연시,1,D+3,7,서울,부산,277.3915
7,2018,연말연시,1,D+3,7,서울,부산,274.525
8,2018,연말연시,1,D+3,7,서울,부산,269.6
9,2018,연말연시,1,D+3,7,서울,부산,283.0745
10,2018,연말연시,1,D+3,7,서울,부산,279.941
11,2018,연말연시,1,D+3,7,서울,부산,275.7915
12,2018,연말연시,1,D+3,7,서울,부산,269.758
13,2018,연말연시,1,D+3,7,서울,부산,264.3915
14,2018,연말연시,1,D+3,7,서울,부산,264.03866666666664
15,2018,연말연시,1,D+3,7,서울,부산,261.75
16,2018,연말연시,1,D+3,7,서울,부산,258.4415
17,2018,연말연시,1,D+3,7,서울,부산,257.333
18,2018,연말연시,1,D+3,7,서울,부산,262.03866666666664
19,2018,연말연시,1,D+3,7,서울,부산,255.5245
20,2018,연말연시,1,D+3,7,서울,부산,253.7
21,2018,연말연시,1,D+3,7,서울,부산,250.633
22,2018,연말연시,1,D+3,7,서울,부산,252.316
23,2018,연말연시,1,D+3,7,서울,부산,253.983
0,2018,설날,2,D-3,1,서울,부산,292.483
1,2018,설날,2,D-3,1,서울,부산,281.216
2,2018,설날,2,D-3,1,서울,부산,273.516
3,2018,설날,2,D-3,1,서울,부산,274.783
4,2018,설날,2,D-3,1,서울,부산,275.208
5,2018,설날,2,D-3,1,서울,부산,258.6053333333333
6,2018,설날,2,D-3,1,서울,부산,265.3415
7,2018,설날,2,D-3,1,서울,부산,263.333
8,2018,설날,2,D-3,1,서울,부산,262.1665
9,2018,설날,2,D-3,1,서울,부산,253.15533333333332
10,2018,설날,2,D-3,1,서울,부산,275.933
11,2018,설날,2,D-3,1,서울,부산,275.516
12,2018,설날,2,D-3,1,서울,부산,278.608
13,2018,설날,2,D-3,1,서울,부산,275.483
14,2018,설날,2,D-3,1,서울,부산,272.783
15,2018,설날,2,D-3,1,서울,부산,276.591
16,2018,설날,2,D-3,1,서울,부산,274.516
17,2018,설날,2,D-3,1,서울,부산,286.38866666666667
18,2018,설날,2,D-3,1,서울,부산,277.908
19,2018,설날,2,D-3,1,서울,부산,272.0165
20,2018,설날,2,D-3,1,서울,부산,270.916
21,2018,설날,2,D-3,1,서울,부산,256.183
22,2018,설날,2,D-3,1,서울,부산,273.383
23,2018,설날,2,D-3,1,서울,부산,279.816
0,2018,설날,2,D-2,2,서울,부산,238.333
1,2018,설날,2,D-2,2,서울,부산,255.9273333333333
2,2018,설날,2,D-2,2,서울,부산,244.583
3,2018,설날,2,D-2,2,서울,부산,242.1915
4,2018,설날,2,D-2,2,서울,부산,241.808
5,2018,설날,2,D-2,2,서울,부산,243.2495
6,2018,설날,2,D-2,2,서울,부산,248.475
7,2018,설날,2,D-2,2,서울,부산,266.5165
8,2018,설날,2,D-2,2,서울,부산,259.783
9,2018,설날,2,D-2,2,서울,부산,262.225
10,2018,설날,2,D-2,2,서울,부산,277.983
11,2018,설날,2,D-2,2,서울,부산,289.641
12,2018,설날,2,D-2,2,서울,부산,339.655
13,2018,설날,2,D-2,2,서울,부산,348.14966666666663
14,2018,설날,2,D-2,2,서울,부산,354.622
15,2018,설날,2,D-2,2,서울,부산,356.86066666666665
16,2018,설날,2,D-2,2,서울,부산,342.783
17,2018,설날,2,D-2,2,서울,부산,345.3745
18,2018,설날,2,D-2,2,서울,부산,347.9245
19,2018,설날,2,D-2,2,서울,부산,380.1745
20,2018,설날,2,D-2,2,서울,부산,384.5665
21,2018,설날,2,D-2,2,서울,부산,388.1165
22,2018,설날,2,D-2,2,서울,부산,393.908
23,2018,설날,2,D-2,2,서울,부산,386.916
0,2018,설날,2,D-1,3,서울,부산,357.89125
1,2018,설날,2,D-1,3,서울,부산,355.77875
2,2018,설날,2,D-1,3,서울,부산,344.0955
3,2018,설날,2,D-1,3,서울,부산,337.91625
4,2018,설날,2,D-1,3,서울,부산,335.9915
5,2018,설날,2,D-1,3,서울,부산,350.858
6,2018,설날,2,D-1,3,서울,부산,348.7663333333333
7,2018,설날,2,D-1,3,서울,부산,357.494
8,2018,설날,2,D-1,3,서울,부산,365.90533333333326
9,2018,설날,2,D-1,3,서울,부산,372.72766666666666
10,2018,설날,2,D-1,3,서울,부산,394.92766666666665
11,2018,설날,2,D-1,3,서울,부산,415.8663333333333
12,2018,설날,2,D-1,3,서울,부산,432.2773333333333
13,2018,설날,2,D-1,3,서울,부산,449.94966666666664
14,2018,설날,2,D-1,3,서울,부산,438.6495
15,2018,설날,2,D-1,3,서울,부산,425.5165
16,2018,설날,2,D-1,3,서울,부산,422.5415
17,2018,설날,2,D-1,3,서울,부산,413.6995
18,2018,설날,2,D-1,3,서울,부산,387.908
19,2018,설날,2,D-1,3,서울,부산,379.3745
20,2018,설날,2,D-1,3,서울,부산,458.15
21,2018,설날,2,D-1,3,서울,부산,403.05
22,2018,설날,2,D-1,3,서울,부산,355.366
23,2018,설날,2,D-1,3,서울,부산,325.1
0,2018,설날,2,D,4,서울,부산,276.508
1,2018,설날,2,D,4,서울,부산,267.1745
2,2018,설날,2,D,4,서울,부산,266.983
3,2018,설날,2,D,4,서울,부산,259.416
4,2018,설날,2,D,4,서울,부산,251.0495
5,2018,설날,2,D,4,서울,부산,257.383
6,2018,설날,2,D,4,서울,부산,272.8745
7,2018,설날,2,D,4,서울,부산,281.1415
8,2018,설날,2,D,4,서울,부산,279.944
9,2018,설날,2,D,4,서울,부산,297.5163333333333
10,2018,설날,2,D,4,서울,부산,311.411
11,2018,설날,2,D,4,서울,부산,340.011
12,2018,설날,2,D,4,서울,부산,330.422
13,2018,설날,2,D,4,서울,부산,363.5165
14,2018,설날,2,D,4,서울,부산,364.266
15,2018,설날,2,D,4,서울,부산,368.65
16,2018,설날,2,D,4,서울,부산,368.158
17,2018,설날,2,D,4,서울,부산,363.6
18,2018,설날,2,D,4,서울,부산,363.2495
19,2018,설날,2,D,4,서울,부산,404.0106666666666
20,2018,설날,2,D,4,서울,부산,355.2165
21,2018,설날,2,D,4,서울,부산,425.65
22,2018,설날,2,D,4,서울,부산,397.0
23,2018,설날,2,D,4,서울,부산,353.6
0,2018,설날,2,D+1,5,서울,부산,248.283
1,2018,설날,2,D+1,5,서울,부산,232.7915
2,2018,설날,2,D+1,5,서울,부산,231.6745
3,2018,설날,2,D+1,5,서울,부산,232.508
4,2018,설날,2,D+1,5,서울,부산,233.341
5,2018,설날,2,D+1,5,서울,부산,240.3415
6,2018,설날,2,D+1,5,서울,부산,247.9165
7,2018,설날,2,D+1,5,서울,부산,249.7165
8,2018,설날,2,D+1,5,서울,부산,252.3165
9,2018,설날,2,D+1,5,서울,부산,290.46066666666667
10,2018,설날,2,D+1,5,서울,부산,299.89966666666663
11,2018,설날,2,D+1,5,서울,부산,303.094
12,2018,설날,2,D+1,5,서울,부산,304.54966666666667
13,2018,설날,2,D+1,5,서울,부산,294.6415
14,2018,설날,2,D+1,5,서울,부산,292.208
15,2018,설날,2,D+1,5,서울,부산,316.07733333333334
16,2018,설날,2,D+1,5,서울,부산,313.2883333333333
17,2018,설날,2,D+1,5,서울,부산,304.622
18,2018,설날,2,D+1,5,서울,부산,284.15
19,2018,설날,2,D+1,5,서울,부산,282.5
20,2018,설날,2,D+1,5,서울,부산,298.533
21,2018,설날,2,D+1,5,서울,부산,287.5
22,2018,설날,2,D+1,5,서울,부산,267.566
23,2018,설날,2,D+1,5,서울,부산,262.533
0,2018,설날,2,D+2,6,서울,부산,287.083
1,2018,설날,2,D+2,6,서울,부산,272.433
2,2018,설날,2,D+2,6,서울,부산,257.783
3,2018,설날,2,D+2,6,서울,부산,263.15
4,2018,설날,2,D+2,6,서울,부산,231.4
5,2018,설날,2,D+2,6,서울,부산,230.7995
6,2018,설날,2,D+2,6,서울,부산,239.716
7,2018,설날,2,D+2,6,서울,부산,251.483
8,2018,설날,2,D+2,6,서울,부산,237.875
9,2018,설날,2,D+2,6,서울,부산,239.408
10,2018,설날,2,D+2,6,서울,부산,268.794
11,2018,설날,2,D+2,6,서울,부산,269.4053333333333
12,2018,설날,2,D+2,6,서울,부산,266.483
13,2018,설날,2,D+2,6,서울,부산,261.91666666666663
14,2018,설날,2,D+2,6,서울,부산,260.333
15,2018,설날,2,D+2,6,서울,부산,268.437
16,2018,설날,2,D+2,6,서울,부산,265.46666666666664
17,2018,설날,2,D+2,6,서울,부산,267.083
18,2018,설날,2,D+2,6,서울,부산,265.8553333333333
19,2018,설날,2,D+2,6,서울,부산,260.3053333333333
20,2018,설날,2,D+2,6,서울,부산,274.0
21,2018,설날,2,D+2,6,서울,부산,270.533
22,2018,설날,2,D+2,6,서울,부산,267.066
23,2018,설날,2,D+2,6,서울,부산,263.833
0,2018,설날,2,D+3,7,서울,부산,226.783
1,2018,설날,2,D+3,7,서울,부산,226.625
2,2018,설날,2,D+3,7,서울,부산,229.566
3,2018,설날,2,D+3,7,서울,부산,242.9165
4,2018,설날,2,D+3,7,서울,부산,246.708
5,2018,설날,2,D+3,7,서울,부산,235.616
6,2018,설날,2,D+3,7,서울,부산,273.783
7,2018,설날,2,D+3,7,서울,부산,261.9165
8,2018,설날,2,D+3,7,서울,부산,265.316
9,2018,설날,2,D+3,7,서울,부산,274.433
10,2018,설날,2,D+3,7,서울,부산,306.19966666666664
11,2018,설날,2,D+3,7,서울,부산,274.1245
12,2018,설날,2,D+3,7,서울,부산,270.133
13,2018,설날,2,D+3,7,서울,부산,271.908
14,2018,설날,2,D+3,7,서울,부산,268.891
15,2018,설날,2,D+3,7,서울,부산,272.175
16,2018,설날,2,D+3,7,서울,부산,276.691
17,2018,설날,2,D+3,7,서울,부산,265.5106666666666
18,2018,설날,2,D+3,7,서울,부산,276.416
19,2018,설날,2,D+3,7,서울,부산,270.158
20,2018,설날,2,D+3,7,서울,부산,264.5995
21,2018,설날,2,D+3,7,서울,부산,258.008
22,2018,설날,2,D+3,7,서울,부산,279.233
23,2018,설날,2,D+3,7,서울,부산,265.866
0,2018,추석,3,D-3,1,서울,부산,214.2245
1,2018,추석,3,D-3,1,서울,부산,217.708
2,2018,추석,3,D-3,1,서울,부산,220.658
3,2018,추석,3,D-3,1,서울,부산,235.333
4,2018,추석,3,D-3,1,서울,부산,248.283
5,2018,추석,3,D-3,1,서울,부산,259.5443333333333
6,2018,추석,3,D-3,1,서울,부산,260.383
7,2018,추석,3,D-3,1,서울,부산,272.3915
8,2018,추석,3,D-3,1,서울,부산,276.5745
9,2018,추석,3,D-3,1,서울,부산,276.158
10,2018,추석,3,D-3,1,서울,부산,282.8496666666666
11,2018,추석,3,D-3,1,서울,부산,289.2
12,2018,추석,3,D-3,1,서울,부산,301.405
13,2018,추석,3,D-3,1,서울,부산,303.208
14,2018,추석,3,D-3,1,서울,부산,304.6245
15,2018,추석,3,D-3,1,서울,부산,312.416
16,2018,추석,3,D-3,1,서울,부산,308.133
17,2018,추석,3,D-3,1,서울,부산,306.6886666666666
18,2018,추석,3,D-3,1,서울,부산,305.2245
19,2018,추석,3,D-3,1,서울,부산,298.6165
20,2018,추석,3,D-3,1,서울,부산,287.3245
21,2018,추석,3,D-3,1,서울,부산,309.766
22,2018,추석,3,D-3,1,서울,부산,321.2
23,2018,추석,3,D-3,1,서울,부산,301.883
0,2018,추석,3,D-2,2,서울,부산,289.7415
1,2018,추석,3,D-2,2,서울,부산,286.35
2,2018,추석,3,D-2,2,서울,부산,287.191
3,2018,추석,3,D-2,2,서울,부산,285.833
4,2018,추석,3,D-2,2,서울,부산,323.86633333333333
5,2018,추석,3,D-2,2,서울,부산,282.8415
6,2018,추석,3,D-2,2,서울,부산,329.07733333333334
7,2018,추석,3,D-2,2,서울,부산,338.733
8,2018,추석,3,D-2,2,서울,부산,331.733
9,2018,추석,3,D-2,2,서울,부산,350.0663333333333
10,2018,추석,3,D-2,2,서울,부산,349.5245
11,2018,추석,3,D-2,2,서울,부산,375.7163333333333
12,2018,추석,3,D-2,2,서울,부산,378.194
13,2018,추석,3,D-2,2,서울,부산,375.594
14,2018,추석,3,D-2,2,서울,부산,376.78866666666664
15,2018,추석,3,D-2,2,서울,부산,368.8496666666666
16,2018,추석,3,D-2,2,서울,부산,367.3995
17,2018,추석,3,D-2,2,서울,부산,369.533
18,2018,추석,3,D-2,2,서울,부산,365.733
19,2018,추석,3,D-2,2,서울,부산,323.233
20,2018,추석,3,D-2,2,서울,부산,379.933
21,2018,추석,3,D-2,2,서울,부산,360.316
22,2018,추석,3,D-2,2,서울,부산,340.316
23,2018,추석,3,D-2,2,서울,부산,295.4665
0,2018,추석,3,D-1,3,서울,부산,374.6163333333333
1,2018,추석,3,D-1,3,서울,부산,365.42733333333325
2,2018,추석,3,D-1,3,서울,부산,350.572
3,2018,추석,3,D-1,3,서울,부산,333.5883333333333
4,2018,추석,3,D-1,3,서울,부산,316.2663333333333
5,2018,추석,3,D-1,3,서울,부산,332.011
6,2018,추석,3,D-1,3,서울,부산,337.8163333333333
7,2018,추석,3,D-1,3,서울,부산,311.6773333333333
8,2018,추석,3,D-1,3,서울,부산,313.73866666666663
9,2018,추석,3,D-1,3,서울,부산,338.572
10,2018,추석,3,D-1,3,서울,부산,350.2606666666666
11,2018,추석,3,D-1,3,서울,부산,370.6663333333333
12,2018,추석,3,D-1,3,서울,부산,379.083
13,2018,추석,3,D-1,3,서울,부산,391.783
14,2018,추석,3,D-1,3,서울,부산,344.77733333333333
15,2018,추석,3,D-1,3,서울,부산,341.6383333333333
16,2018,추석,3,D-1,3,서울,부산,341.511
17,2018,추석,3,D-1,3,서울,부산,344.8495
18,2018,추석,3,D-1,3,서울,부산,327.316
19,2018,추석,3,D-1,3,서울,부산,320.725
20,2018,추석,3,D-1,3,서울,부산,309.77166666666665
21,2018,추석,3,D-1,3,서울,부산,326.975
22,2018,추석,3,D-1,3,서울,부산,356.866
23,2018,추석,3,D-1,3,서울,부산,330.1
0,2018,추석,3,D,4,서울,부산,255.433
1,2018,추석,3,D,4,서울,부산,286.8716666666666
2,2018,추석,3,D,4,서울,부산,267.833
3,2018,추석,3,D,4,서울,부산,282.70533333333333
4,2018,추석,3,D,4,서울,부산,280.94966666666664
5,2018,추석,3,D,4,서울,부산,256.0165
6,2018,추석,3,D,4,서울,부산,284.47166666666664
7,2018,추석,3,D,4,서울,부산,294.433
8,2018,추석,3,D,4,서울,부산,294.31066666666663
9,2018,추석,3,D,4,서울,부산,320.272
10,2018,추석,3,D,4,서울,부산,349.79966666666667
11,2018,추석,3,D,4,서울,부산,373.0106666666666
12,2018,추석,3,D,4,서울,부산,407.858
13,2018,추석,3,D,4,서울,부산,414.175
14,2018,추석,3,D,4,서울,부산,420.6665
15,2018,추석,3,D,4,서울,부산,436.983
16,2018,추석,3,D,4,서울,부산,453.291
17,2018,추석,3,D,4,서울,부산,467.608
18,2018,추석,3,D,4,서울,부산,481.908
19,2018,추석,3,D,4,서울,부산,447.741
20,2018,추석,3,D,4,서울,부산,548.683
21,2018,추석,3,D,4,서울,부산,544.833
22,2018,추석,3,D,4,서울,부산,508.0
23,2018,추석,3,D,4,서울,부산,457.283
0,2018,추석,3,D+1,5,서울,부산,248.683
1,2018,추석,3,D+1,5,서울,부산,304.7245
2,2018,추석,3,D+1,5,서울,부산,291.2165
3,2018,추석,3,D+1,5,서울,부산,283.958
4,2018,추석,3,D+1,5,서울,부산,282.8495
5,2018,추석,3,D+1,5,서울,부산,270.016
6,2018,추석,3,D+1,5,서울,부산,274.4745
7,2018,추석,3,D+1,5,서울,부산,272.0665
8,2018,추석,3,D+1,5,서울,부산,268.5245
9,2018,추석,3,D+1,5,서울,부산,305.425
10,2018,추석,3,D+1,5,서울,부산,303.8
11,2018,추석,3,D+1,5,서울,부산,305.98866666666663
12,2018,추석,3,D+1,5,서울,부산,314.133
13,2018,추석,3,D+1,5,서울,부산,312.433
14,2018,추석,3,D+1,5,서울,부산,312.705
15,2018,추석,3,D+1,5,서울,부산,315.3415
16,2018,추석,3,D+1,5,서울,부산,306.961
17,2018,추석,3,D+1,5,서울,부산,309.8883333333333
18,2018,추석,3,D+1,5,서울,부산,307.1886666666666
19,2018,추석,3,D+1,5,서울,부산,328.858
20,2018,추석,3,D+1,5,서울,부산,327.7415
21,2018,추석,3,D+1,5,서울,부산,305.733
22,2018,추석,3,D+1,5,서울,부산,292.116
0,2018,추석,3,D+2,6,서울,부산,251.933
1,2018,추석,3,D+2,6,서울,부산,256.2
2,2018,추석,3,D+2,6,서울,부산,257.758
3,2018,추석,3,D+2,6,서울,부산,250.7245
4,2018,추석,3,D+2,6,서울,부산,259.5415
5,2018,추석,3,D+2,6,서울,부산,258.361
6,2018,추석,3,D+2,6,서울,부산,258.091
7,2018,추석,3,D+2,6,서울,부산,242.12766666666664
8,2018,추석,3,D+2,6,서울,부산,242.07166666666663
9,2018,추석,3,D+2,6,서울,부산,245.44966666666664
10,2018,추석,3,D+2,6,서울,부산,260.5
11,2018,추석,3,D+2,6,서울,부산,276.4995
12,2018,추석,3,D+2,6,서울,부산,272.716
13,2018,추석,3,D+2,6,서울,부산,265.9
14,2018,추석,3,D+2,6,서울,부산,269.1415
15,2018,추석,3,D+2,6,서울,부산,270.0165
16,2018,추석,3,D+2,6,서울,부산,267.0495
17,2018,추석,3,D+2,6,서울,부산,267.8245
18,2018,추석,3,D+2,6,서울,부산,265.208
19,2018,추석,3,D+2,6,서울,부산,258.7495
20,2018,추석,3,D+2,6,서울,부산,268.25
21,2018,추석,3,D+2,6,서울,부산,265.383
22,2018,추석,3,D+2,6,서울,부산,273.516
23,2018,추석,3,D+2,6,서울,부산,269.183
3,2018,추석,3,D+3,7,서울,부산,
4,2018,추석,3,D+3,7,서울,부산,254.216
6,2018,추석,3,D+3,7,서울,부산,225.633
7,2018,추석,3,D+3,7,서울,부산,274.466
8,2018,추석,3,D+3,7,서울,부산,272.266
9,2018,추석,3,D+3,7,서울,부산,276.466
10,2018,추석,3,D+3,7,서울,부산,306.0383333333333
11,2018,추석,3,D+3,7,서울,부산,300.505
12,2018,추석,3,D+3,7,서울,부산,295.972
13,2018,추석,3,D+3,7,서울,부산,301.2205
14,2018,추석,3,D+3,7,서울,부산,288.48725
15,2018,추석,3,D+3,7,서울,부산,288.52875
16,2018,추석,3,D+3,7,서울,부산,278.3705
17,2018,추석,3,D+3,7,서울,부산,284.194
18,2018,추석,3,D+3,7,서울,부산,260.262
19,2018,추석,3,D+3,7,서울,부산,277.258
20,2018,추석,3,D+3,7,서울,부산,268.141
21,2018,추석,3,D+3,7,서울,부산,251.616
22,2018,추석,3,D+3,7,서울,부산,240.808
0,2019,연말연시,1,D,4,서울,부산,291.033
1,2019,연말연시,1,D,4,서울,부산,253.3415
2,2019,연말연시,1,D,4,서울,부산,272.95
3,2019,연말연시,1,D,4,서울,부산,254.358
4,2019,연말연시,1,D,4,서울,부산,243.661
5,2019,연말연시,1,D,4,서울,부산,253.233
6,2019,연말연시,1,D,4,서울,부산,261.975
7,2019,연말연시,1,D,4,서울,부산,258.241
8,2019,연말연시,1,D,4,서울,부산,257.2745
9,2019,연말연시,1,D,4,서울,부산,256.308
10,2019,연말연시,1,D,4,서울,부산,257.5245
11,2019,연말연시,1,D,4,서울,부산,255.0165
12,2019,연말연시,1,D,4,서울,부산,264.808
13,2019,연말연시,1,D,4,서울,부산,264.516
14,2019,연말연시,1,D,4,서울,부산,259.333
15,2019,연말연시,1,D,4,서울,부산,253.583
16,2019,연말연시,1,D,4,서울,부산,266.4495
17,2019,연말연시,1,D,4,서울,부산,268.4165
18,2019,연말연시,1,D,4,서울,부산,273.233
19,2019,연말연시,1,D,4,서울,부산,263.8
20,2019,연말연시,1,D,4,서울,부산,256.633
21,2019,연말연시,1,D,4,서울,부산,261.183
0,2019,연말연시,1,D+1,5,서울,부산,239.833
1,2019,연말연시,1,D+1,5,서울,부산,238.6665
2,2019,연말연시,1,D+1,5,서울,부산,233.4995
3,2019,연말연시,1,D+1,5,서울,부산,234.758
4,2019,연말연시,1,D+1,5,서울,부산,236.008
5,2019,연말연시,1,D+1,5,서울,부산,237.2665
6,2019,연말연시,1,D+1,5,서울,부산,235.725
7,2019,연말연시,1,D+1,5,서울,부산,236.8165
8,2019,연말연시,1,D+1,5,서울,부산,224.133
9,2019,연말연시,1,D+1,5,서울,부산,236.1745
10,2019,연말연시,1,D+1,5,서울,부산,257.1245
11,2019,연말연시,1,D+1,5,서울,부산,238.6165
12,2019,연말연시,1,D+1,5,서울,부산,254.89966666666663
13,2019,연말연시,1,D+1,5,서울,부산,247.1745
14,2019,연말연시,1,D+1,5,서울,부산,252.4915
15,2019,연말연시,1,D+1,5,서울,부산,253.4165
16,2019,연말연시,1,D+1,5,서울,부산,257.85
17,2019,연말연시,1,D+1,5,서울,부산,249.408
18,2019,연말연시,1,D+1,5,서울,부산,243.266
19,2019,연말연시,1,D+1,5,서울,부산,253.066
20,2019,연말연시,1,D+1,5,서울,부산,252.716
21,2019,연말연시,1,D+1,5,서울,부산,252.366
0,2019,연말연시,1,D+2,6,서울,부산,211.133
1,2019,연말연시,1,D+2,6,서울,부산,222.475
2,2019,연말연시,1,D+2,6,서울,부산,220.7665
3,2019,연말연시,1,D+2,6,서울,부산,225.433
4,2019,연말연시,1,D+2,6,서울,부산,229.608
5,2019,연말연시,1,D+2,6,서울,부산,230.0245
6,2019,연말연시,1,D+2,6,서울,부산,230.433
7,2019,연말연시,1,D+2,6,서울,부산,230.85
8,2019,연말연시,1,D+2,6,서울,부산,238.208
9,2019,연말연시,1,D+2,6,서울,부산,260.86633333333333
10,2019,연말연시,1,D+2,6,서울,부산,248.533
11,2019,연말연시,1,D+2,6,서울,부산,247.925
12,2019,연말연시,1,D+2,6,서울,부산,253.4665
13,2019,연말연시,1,D+2,6,서울,부산,264.7163333333333
14,2019,연말연시,1,D+2,6,서울,부산,253.0915
15,2019,연말연시,1,D+2,6,서울,부산,263.716
16,2019,연말연시,1,D+2,6,서울,부산,264.925
17,2019,연말연시,1,D+2,6,서울,부산,259.8995
18,2019,연말연시,1,D+2,6,서울,부산,266.1165
19,2019,연말연시,1,D+2,6,서울,부산,260.5
20,2019,연말연시,1,D+2,6,서울,부산,271.55
21,2019,연말연시,1,D+2,6,서울,부산,264.983
22,2019,연말연시,1,D+2,6,서울,부산,253.65
23,2019,연말연시,1,D+2,6,서울,부산,255.266
0,2019,연말연시,1,D+3,7,서울,부산,247.816
1,2019,연말연시,1,D+3,7,서울,부산,247.716
2,2019,연말연시,1,D+3,7,서울,부산,247.616
3,2019,연말연시,1,D+3,7,서울,부산,247.516
4,2019,연말연시,1,D+3,7,서울,부산,
6,2019,연말연시,1,D+3,7,서울,부산,246.383
7,2019,연말연시,1,D+3,7,서울,부산,249.033
8,2019,연말연시,1,D+3,7,서울,부산,256.15
9,2019,연말연시,1,D+3,7,서울,부산,246.066
10,2019,연말연시,1,D+3,7,서울,부산,246.808
11,2019,연말연시,1,D+3,7,서울,부산,248.3745
12,2019,연말연시,1,D+3,7,서울,부산,258.91666666666663
13,2019,연말연시,1,D+3,7,서울,부산,255.9
14,2019,연말연시,1,D+3,7,서울,부산,268.1886666666666
15,2019,연말연시,1,D+3,7,서울,부산,272.57766666666663
16,2019,연말연시,1,D+3,7,서울,부산,255.9495
17,2019,연말연시,1,D+3,7,서울,부산,277.4415
18,2019,연말연시,1,D+3,7,서울,부산,271.0663333333333
19,2019,연말연시,1,D+3,7,서울,부산,267.033
20,2019,연말연시,1,D+3,7,서울,부산,257.375
21,2019,연말연시,1,D+3,7,서울,부산,258.866
22,2019,연말연시,1,D+3,7,서울,부산,250.1
23,2019,연말연시,1,D+3,7,서울,부산,244.8915
0,2019,설날,2,D-3,1,서울,부산,233.0995
1,2019,설날,2,D-3,1,서울,부산,233.6745
2,2019,설날,2,D-3,1,서울,부산,244.125
3,2019,설날,2,D-3,1,서울,부산,247.1665
4,2019,설날,2,D-3,1,서울,부산,243.616
5,2019,설날,2,D-3,1,서울,부산,244.4165
6,2019,설날,2,D-3,1,서울,부산,252.222
7,2019,설날,2,D-3,1,서울,부산,259.266
8,2019,설날,2,D-3,1,서울,부산,267.31066666666663
9,2019,설날,2,D-3,1,서울,부산,273.7163333333333
10,2019,설날,2,D-3,1,서울,부산,282.5996666666666
11,2019,설날,2,D-3,1,서울,부산,280.8745
12,2019,설날,2,D-3,1,서울,부산,292.408
13,2019,설날,2,D-3,1,서울,부산,295.408
14,2019,설날,2,D-3,1,서울,부산,298.2745
15,2019,설날,2,D-3,1,서울,부산,293.2443333333333
16,2019,설날,2,D-3,1,서울,부산,299.033
17,2019,설날,2,D-3,1,서울,부산,294.858
18,2019,설날,2,D-3,1,서울,부산,290.3495
19,2019,설날,2,D-3,1,서울,부산,283.6495
20,2019,설날,2,D-3,1,서울,부산,270.7495
21,2019,설날,2,D-3,1,서울,부산,281.55
22,2019,설날,2,D-3,1,서울,부산,280.116
23,2019,설날,2,D-3,1,서울,부산,271.3
0,2019,설날,2,D-2,2,서울,부산,324.20533333333333
1,2019,설날,2,D-2,2,서울,부산,312.70533333333333
2,2019,설날,2,D-2,2,서울,부산,279.91225
3,2019,설날,2,D-2,2,서울,부산,284.244
4,2019,설날,2,D-2,2,서울,부산,275.922
5,2019,설날,2,D-2,2,서울,부산,278.516
6,2019,설날,2,D-2,2,서울,부산,281.16633333333334
7,2019,설날,2,D-2,2,서울,부산,282.89933333333335
8,2019,설날,2,D-2,2,서울,부산,302.5915
9,2019,설날,2,D-2,2,서울,부산,303.3
10,2019,설날,2,D-2,2,서울,부산,311.77025
11,2019,설날,2,D-2,2,서울,부산,314.42766666666665
12,2019,설날,2,D-2,2,서울,부산,334.24575
13,2019,설날,2,D-2,2,서울,부산,337.675
14,2019,설날,2,D-2,2,서울,부산,357.483
15,2019,설날,2,D-2,2,서울,부산,348.91666666666663
16,2019,설날,2,D-2,2,서울,부산,354.616
17,2019,설날,2,D-2,2,서울,부산,346.4665
18,2019,설날,2,D-2,2,서울,부산,353.394
19,2019,설날,2,D-2,2,서울,부산,355.933
20,2019,설날,2,D-2,2,서울,부산,366.916
21,2019,설날,2,D-2,2,서울,부산,360.833
22,2019,설날,2,D-2,2,서울,부산,344.25
23,2019,설날,2,D-2,2,서울,부산,344.283
0,2019,설날,2,D-1,3,서울,부산,270.0995
1,2019,설날,2,D-1,3,서울,부산,265.183
2,2019,설날,2,D-1,3,서울,부산,276.32766666666663
3,2019,설날,2,D-1,3,서울,부산,254.7245
4,2019,설날,2,D-1,3,서울,부산,257.633
5,2019,설날,2,D-1,3,서울,부산,261.133
6,2019,설날,2,D-1,3,서울,부산,267.5415
7,2019,설날,2,D-1,3,서울,부산,289.994
8,2019,설날,2,D-1,3,서울,부산,278.6245
9,2019,설날,2,D-1,3,서울,부산,286.133
10,2019,설날,2,D-1,3,서울,부산,337.69966666666664
11,2019,설날,2,D-1,3,서울,부산,339.8053333333333
12,2019,설날,2,D-1,3,서울,부산,336.083
13,2019,설날,2,D-1,3,서울,부산,331.74966666666666
14,2019,설날,2,D-1,3,서울,부산,324.261
15,2019,설날,2,D-1,3,서울,부산,315.4415
16,2019,설날,2,D-1,3,서울,부산,313.066
17,2019,설날,2,D-1,3,서울,부산,332.16633333333334
18,2019,설날,2,D-1,3,서울,부산,314.74966666666666
19,2019,설날,2,D-1,3,서울,부산,302.2163333333333
20,2019,설날,2,D-1,3,서울,부산,281.45
21,2019,설날,2,D-1,3,서울,부산,293.716
22,2019,설날,2,D-1,3,서울,부산,286.2
23,2019,설날,2,D-1,3,서울,부산,271.35
0,2019,설날,2,D,4,서울,부산,307.6915
1,2019,설날,2,D,4,서울,부산,289.308
2,2019,설날,2,D,4,서울,부산,272.2415
3,2019,설날,2,D,4,서울,부산,253.4495
4,2019,설날,2,D,4,서울,부산,264.7415
5,2019,설날,2,D,4,서울,부산,254.058
6,2019,설날,2,D,4,서울,부산,248.858
7,2019,설날,2,D,4,서울,부산,273.0
8,2019,설날,2,D,4,서울,부산,262.1415
9,2019,설날,2,D,4,서울,부산,270.86066666666665
10,2019,설날,2,D,4,서울,부산,295.03866666666664
11,2019,설날,2,D,4,서울,부산,307.708
12,2019,설날,2,D,4,서울,부산,324.383
13,2019,설날,2,D,4,서울,부산,335.722
14,2019,설날,2,D,4,서울,부산,305.794
15,2019,설날,2,D,4,서울,부산,336.77475
16,2019,설날,2,D,4,서울,부산,338.533
17,2019,설날,2,D,4,서울,부산,337.022
18,2019,설날,2,D,4,서울,부산,340.95533333333333
19,2019,설날,2,D,4,서울,부산,345.661
20,2019,설날,2,D,4,서울,부산,384.0165
21,2019,설날,2,D,4,서울,부산,383.3745
22,2019,설날,2,D,4,서울,부산,374.533
23,2019,설날,2,D,4,서울,부산,338.15
0,2019,설날,2,D+1,5,서울,부산,241.783
1,2019,설날,2,D+1,5,서울,부산,225.7165
2,2019,설날,2,D+1,5,서울,부산,232.391
3,2019,설날,2,D+1,5,서울,부산,239.0665
4,2019,설날,2,D+1,5,서울,부산,281.691
5,2019,설날,2,D+1,5,서울,부산,291.5915
6,2019,설날,2,D+1,5,서울,부산,284.5415
7,2019,설날,2,D+1,5,서울,부산,273.883
8,2019,설날,2,D+1,5,서울,부산,264.8165
9,2019,설날,2,D+1,5,서울,부산,255.516
10,2019,설날,2,D+1,5,서울,부산,263.11633333333333
11,2019,설날,2,D+1,5,서울,부산,269.6443333333333
12,2019,설날,2,D+1,5,서울,부산,274.1993333333333
13,2019,설날,2,D+1,5,서울,부산,278.52733333333333
14,2019,설날,2,D+1,5,서울,부산,281.866
15,2019,설날,2,D+1,5,서울,부산,276.07766666666663
16,2019,설날,2,D+1,5,서울,부산,282.29966666666667
17,2019,설날,2,D+1,5,서울,부산,283.2606666666666
18,2019,설날,2,D+1,5,서울,부산,282.59933333333333
19,2019,설날,2,D+1,5,서울,부산,278.9495
20,2019,설날,2,D+1,5,서울,부산,296.65
21,2019,설날,2,D+1,5,서울,부산,290.816
22,2019,설날,2,D+1,5,서울,부산,278.2
23,2019,설날,2,D+1,5,서울,부산,286.083
0,2019,설날,2,D+2,6,서울,부산,245.816
1,2019,설날,2,D+2,6,서울,부산,245.266
2,2019,설날,2,D+2,6,서울,부산,228.816
3,2019,설날,2,D+2,6,서울,부산,263.15
4,2019,설날,2,D+2,6,서울,부산,260.9
5,2019,설날,2,D+2,6,서울,부산,245.933
6,2019,설날,2,D+2,6,서울,부산,239.483
7,2019,설날,2,D+2,6,서울,부산,239.116
8,2019,설날,2,D+2,6,서울,부산,240.2495
9,2019,설날,2,D+2,6,서울,부산,241.708
10,2019,설날,2,D+2,6,서울,부산,234.383
11,2019,설날,2,D+2,6,서울,부산,238.5995
12,2019,설날,2,D+2,6,서울,부산,240.491
13,2019,설날,2,D+2,6,서울,부산,243.891
14,2019,설날,2,D+2,6,서울,부산,241.433
15,2019,설날,2,D+2,6,서울,부산,240.383
16,2019,설날,2,D+2,6,서울,부산,253.7955
17,2019,설날,2,D+2,6,서울,부산,250.433
18,2019,설날,2,D+2,6,서울,부산,250.408
19,2019,설날,2,D+2,6,서울,부산,256.1
20,2019,설날,2,D+2,6,서울,부산,252.9165
21,2019,설날,2,D+2,6,서울,부산,253.8
22,2019,설날,2,D+2,6,서울,부산,253.466
0,2019,설날,2,D+3,7,서울,부산,228.9
1,2019,설날,2,D+3,7,서울,부산,236.35
3,2019,설날,2,D+3,7,서울,부산,244.983
4,2019,설날,2,D+3,7,서울,부산,239.88266666666664
5,2019,설날,2,D+3,7,서울,부산,225.758
6,2019,설날,2,D+3,7,서울,부산,270.233
7,2019,설날,2,D+3,7,서울,부산,251.02875
8,2019,설날,2,D+3,7,서울,부산,260.41625
9,2019,설날,2,D+3,7,서울,부산,253.3915
10,2019,설날,2,D+3,7,서울,부산,283.9773333333333
11,2019,설날,2,D+3,7,서울,부산,276.61633333333333
12,2019,설날,2,D+3,7,서울,부산,248.783
13,2019,설날,2,D+3,7,서울,부산,250.05
14,2019,설날,2,D+3,7,서울,부산,253.508
15,2019,설날,2,D+3,7,서울,부산,259.1443333333333
16,2019,설날,2,D+3,7,서울,부산,253.9915
17,2019,설날,2,D+3,7,서울,부산,248.6245
18,2019,설날,2,D+3,7,서울,부산,260.633
19,2019,설날,2,D+3,7,서울,부산,259.17766666666665
20,2019,설날,2,D+3,7,서울,부산,243.108
21,2019,설날,2,D+3,7,서울,부산,253.8
22,2019,설날,2,D+3,7,서울,부산,258.366
23,2019,설날,2,D+3,7,서울,부산,247.666
0,2019,추석,3,D-3,1,서울,부산,240.866
1,2019,추석,3,D-3,1,서울,부산,317.9745
2,2019,추석,3,D-3,1,서울,부산,302.4495
3,2019,추석,3,D-3,1,서울,부산,312.158
4,2019,추석,3,D-3,1,서울,부산,306.4995
5,2019,추석,3,D-3,1,서울,부산,300.841
6,2019,추석,3,D-3,1,서울,부산,293.683
7,2019,추석,3,D-3,1,서울,부산,286.508
8,2019,추석,3,D-3,1,서울,부산,283.558
9,2019,추석,3,D-3,1,서울,부산,280.608
10,2019,추석,3,D-3,1,서울,부산,274.494
11,2019,추석,3,D-3,1,서울,부산,283.58866666666665
12,2019,추석,3,D-3,1,서울,부산,281.6716666666666
13,2019,추석,3,D-3,1,서울,부산,278.633
14,2019,추석,3,D-3,1,서울,부산,278.483
15,2019,추석,3,D-3,1,서울,부산,279.283
16,2019,추석,3,D-3,1,서울,부산,278.4745
17,2019,추석,3,D-3,1,서울,부산,273.4665
18,2019,추석,3,D-3,1,서울,부산,269.1
19,2019,추석,3,D-3,1,서울,부산,260.0106666666666
20,2019,추석,3,D-3,1,서울,부산,258.1915
21,2019,추석,3,D-3,1,서울,부산,274.033
22,2019,추석,3,D-3,1,서울,부산,269.166
23,2019,추석,3,D-3,1,서울,부산,262.4415
0,2019,추석,3,D-2,2,서울,부산,280.758
1,2019,추석,3,D-2,2,서울,부산,277.6915
2,2019,추석,3,D-2,2,서울,부산,275.858
3,2019,추석,3,D-2,2,서울,부산,268.2415
4,2019,추석,3,D-2,2,서울,부산,261.5995
5,2019,추석,3,D-2,2,서울,부산,269.983
6,2019,추석,3,D-2,2,서울,부산,280.691
7,2019,추석,3,D-2,2,서울,부산,279.433
8,2019,추석,3,D-2,2,서울,부산,304.0443333333333
9,2019,추석,3,D-2,2,서울,부산,289.908
10,2019,추석,3,D-2,2,서울,부산,299.933
11,2019,추석,3,D-2,2,서울,부산,316.77166666666665
12,2019,추석,3,D-2,2,서울,부산,339.8053333333333
13,2019,추석,3,D-2,2,서울,부산,347.91633333333334
14,2019,추석,3,D-2,2,서울,부산,357.1773333333333
15,2019,추석,3,D-2,2,서울,부산,374.4553333333333
16,2019,추석,3,D-2,2,서울,부산,354.408
17,2019,추석,3,D-2,2,서울,부산,348.1273333333333
18,2019,추석,3,D-2,2,서울,부산,346.033
19,2019,추석,3,D-2,2,서울,부산,360.6745
20,2019,추석,3,D-2,2,서울,부산,377.6915
21,2019,추석,3,D-2,2,서울,부산,381.966
22,2019,추석,3,D-2,2,서울,부산,408.3
23,2019,추석,3,D-2,2,서울,부산,393.5
0,2019,추석,3,D-1,3,서울,부산,369.23866666666663
1,2019,추석,3,D-1,3,서울,부산,368.961
2,2019,추석,3,D-1,3,서울,부산,355.9665
3,2019,추석,3,D-1,3,서울,부산,365.2915
4,2019,추석,3,D-1,3,서울,부산,476.1716666666666
5,2019,추석,3,D-1,3,서울,부산,481.954
6,2019,추석,3,D-1,3,서울,부산,496.029
7,2019,추석,3,D-1,3,서울,부산,468.4665
8,2019,추석,3,D-1,3,서울,부산,478.32766666666663
9,2019,추석,3,D-1,3,서울,부산,470.7495
10,2019,추석,3,D-1,3,서울,부산,475.9745
11,2019,추석,3,D-1,3,서울,부산,501.761
12,2019,추석,3,D-1,3,서울,부산,471.191
13,2019,추석,3,D-1,3,서울,부산,471.4415
14,2019,추석,3,D-1,3,서울,부산,498.5164
15,2019,추석,3,D-1,3,서울,부산,511.0165
16,2019,추석,3,D-1,3,서울,부산,496.154
17,2019,추석,3,D-1,3,서울,부산,466.991
18,2019,추석,3,D-1,3,서울,부산,483.63833333333326
19,2019,추석,3,D-1,3,서울,부산,453.372
20,2019,추석,3,D-1,3,서울,부산,390.0
21,2019,추석,3,D-1,3,서울,부산,393.5553333333333
22,2019,추석,3,D-1,3,서울,부산,382.1165
23,2019,추석,3,D-1,3,서울,부산,372.341
0,2019,추석,3,D+2,6,서울,부산,285.675
1,2019,추석,3,D+2,6,서울,부산,286.0165
2,2019,추석,3,D+2,6,서울,부산,284.908
3,2019,추석,3,D+2,6,서울,부산,276.7745
4,2019,추석,3,D+2,6,서울,부산,293.4
8,2019,추석,3,D+2,6,서울,부산,224.483
9,2019,추석,3,D+2,6,서울,부산,240.133
10,2019,추석,3,D+2,6,서울,부산,246.8
11,2019,추석,3,D+2,6,서울,부산,228.666
12,2019,추석,3,D+2,6,서울,부산,240.8665
13,2019,추석,3,D+2,6,서울,부산,249.041
14,2019,추석,3,D+2,6,서울,부산,256.475
15,2019,추석,3,D+2,6,서울,부산,256.116
16,2019,추석,3,D+2,6,서울,부산,262.6165
17,2019,추석,3,D+2,6,서울,부산,265.9495
18,2019,추석,3,D+2,6,서울,부산,263.1716666666666
19,2019,추석,3,D+2,6,서울,부산,264.25
20,2019,추석,3,D+2,6,서울,부산,263.133
21,2019,추석,3,D+2,6,서울,부산,257.7
22,2019,추석,3,D+2,6,서울,부산,261.833
23,2019,추석,3,D+2,6,서울,부산,265.341
0,2019,추석,3,D+3,7,서울,부산,267.433
1,2019,추석,3,D+3,7,서울,부산,242.4995
2,2019,추석,3,D+3,7,서울,부산,260.483
3,2019,추석,3,D+3,7,서울,부산,257.983
4,2019,추석,3,D+3,7,서울,부산,254.3
5,2019,추석,3,D+3,7,서울,부산,265.233
6,2019,추석,3,D+3,7,서울,부산,276.2915
7,2019,추석,3,D+3,7,서울,부산,257.983
8,2019,추석,3,D+3,7,서울,부산,300.416
9,2019,추석,3,D+3,7,서울,부산,279.733
10,2019,추석,3,D+3,7,서울,부산,275.6245
11,2019,추석,3,D+3,7,서울,부산,289.9
12,2019,추석,3,D+3,7,서울,부산,269.3165
13,2019,추석,3,D+3,7,서울,부산,274.011
14,2019,추석,3,D+3,7,서울,부산,268.544
15,2019,추석,3,D+3,7,서울,부산,271.5495
16,2019,추석,3,D+3,7,서울,부산,264.058
17,2019,추석,3,D+3,7,서울,부산,265.9995
18,2019,추석,3,D+3,7,서울,부산,272.14975
19,2019,추석,3,D+3,7,서울,부산,262.022
20,2019,추석,3,D+3,7,서울,부산,264.2915
21,2019,추석,3,D+3,7,서울,부산,273.966
22,2019,추석,3,D+3,7,서울,부산,279.0
23,2019,추석,3,D+3,7,서울,부산,254.35
0,2020,연말연시,1,D,4,서울,부산,270.116
1,2020,연말연시,1,D,4,서울,부산,288.816
2,2020,연말연시,1,D,4,서울,부산,303.7165
3,2020,연말연시,1,D,4,서울,부산,316.1165
4,2020,연말연시,1,D,4,서울,부산,346.966
5,2020,연말연시,1,D,4,서울,부산,295.544
6,2020,연말연시,1,D,4,서울,부산,298.4053333333333
7,2020,연말연시,1,D,4,서울,부산,309.033
8,2020,연말연시,1,D,4,서울,부산,308.1915
9,2020,연말연시,1,D,4,서울,부산,309.883
10,2020,연말연시,1,D,4,서울,부산,306.0745
11,2020,연말연시,1,D,4,서울,부산,300.2415
12,2020,연말연시,1,D,4,서울,부산,274.3163333333333
13,2020,연말연시,1,D,4,서울,부산,278.711
14,2020,연말연시,1,D,4,서울,부산,283.455
15,2020,연말연시,1,D,4,서울,부산,290.44966666666664
16,2020,연말연시,1,D,4,서울,부산,274.761
17,2020,연말연시,1,D,4,서울,부산,292.258
18,2020,연말연시,1,D,4,서울,부산,285.541
19,2020,연말연시,1,D,4,서울,부산,275.858
20,2020,연말연시,1,D,4,서울,부산,281.033
21,2020,연말연시,1,D,4,서울,부산,281.416
22,2020,연말연시,1,D,4,서울,부산,273.4
23,2020,연말연시,1,D,4,서울,부산,268.666
0,2020,연말연시,1,D+1,5,서울,부산,237.95
1,2020,연말연시,1,D+1,5,서울,부산,221.6
2,2020,연말연시,1,D+1,5,서울,부산,249.9
3,2020,연말연시,1,D+1,5,서울,부산,
5,2020,연말연시,1,D+1,5,서울,부산,251.233
6,2020,연말연시,1,D+1,5,서울,부산,259.983
7,2020,연말연시,1,D+1,5,서울,부산,254.716
8,2020,연말연시,1,D+1,5,서울,부산,252.783
9,2020,연말연시,1,D+1,5,서울,부산,280.883
10,2020,연말연시,1,D+1,5,서울,부산,261.0665
11,2020,연말연시,1,D+1,5,서울,부산,262.858
12,2020,연말연시,1,D+1,5,서울,부산,259.991
13,2020,연말연시,1,D+1,5,서울,부산,256.47166666666664
14,2020,연말연시,1,D+1,5,서울,부산,265.2163333333333
15,2020,연말연시,1,D+1,5,서울,부산,266.722
16,2020,연말연시,1,D+1,5,서울,부산,259.108
17,2020,연말연시,1,D+1,5,서울,부산,270.4415
18,2020,연말연시,1,D+1,5,서울,부산,270.525
19,2020,연말연시,1,D+1,5,서울,부산,277.116
20,2020,연말연시,1,D+1,5,서울,부산,264.133
21,2020,연말연시,1,D+1,5,서울,부산,266.266
22,2020,연말연시,1,D+1,5,서울,부산,268.2
23,2020,연말연시,1,D+1,5,서울,부산,270.133
0,2020,연말연시,1,D+2,6,서울,부산,812.683
1,2020,연말연시,1,D+2,6,서울,부산,499.172
2,2020,연말연시,1,D+2,6,서울,부산,371.78866666666664
3,2020,연말연시,1,D+2,6,서울,부산,400.933
4,2020,연말연시,1,D+2,6,서울,부산,390.04433333333327
5,2020,연말연시,1,D+2,6,서울,부산,355.07733333333334
6,2020,연말연시,1,D+2,6,서울,부산,326.1205
7,2020,연말연시,1,D+2,6,서울,부산,320.9
8,2020,연말연시,1,D+2,6,서울,부산,305.1
9,2020,연말연시,1,D+2,6,서울,부산,292.3665
10,2020,연말연시,1,D+2,6,서울,부산,284.2745
11,2020,연말연시,1,D+2,6,서울,부산,273.16066666666666
12,2020,연말연시,1,D+2,6,서울,부산,270.283
13,2020,연말연시,1,D+2,6,서울,부산,268.925
14,2020,연말연시,1,D+2,6,서울,부산,284.3383333333333
15,2020,연말연시,1,D+2,6,서울,부산,269.39975
16,2020,연말연시,1,D+2,6,서울,부산,269.1198
17,2020,연말연시,1,D+2,6,서울,부산,271.42766666666665
18,2020,연말연시,1,D+2,6,서울,부산,277.005
19,2020,연말연시,1,D+2,6,서울,부산,285.008
20,2020,연말연시,1,D+2,6,서울,부산,287.4665
21,2020,연말연시,1,D+2,6,서울,부산,280.366
22,2020,연말연시,1,D+2,6,서울,부산,276.566
0,2020,연말연시,1,D+3,7,서울,부산,231.866
1,2020,연말연시,1,D+3,7,서울,부산,362.1886666666666
2,2020,연말연시,1,D+3,7,서울,부산,232.833
3,2020,연말연시,1,D+3,7,서울,부산,239.3495
4,2020,연말연시,1,D+3,7,서울,부산,239.166
5,2020,연말연시,1,D+3,7,서울,부산,241.958
6,2020,연말연시,1,D+3,7,서울,부산,243.3165
7,2020,연말연시,1,D+3,7,서울,부산,251.716
8,2020,연말연시,1,D+3,7,서울,부산,250.383
9,2020,연말연시,1,D+3,7,서울,부산,252.133
10,2020,연말연시,1,D+3,7,서울,부산,255.308
11,2020,연말연시,1,D+3,7,서울,부산,261.283
12,2020,연말연시,1,D+3,7,서울,부산,262.4995
13,2020,연말연시,1,D+3,7,서울,부산,262.8995
14,2020,연말연시,1,D+3,7,서울,부산,262.841
15,2020,연말연시,1,D+3,7,서울,부산,265.7606666666666
16,2020,연말연시,1,D+3,7,서울,부산,256.608
17,2020,연말연시,1,D+3,7,서울,부산,251.808
18,2020,연말연시,1,D+3,7,서울,부산,256.083
19,2020,연말연시,1,D+3,7,서울,부산,256.316
20,2020,연말연시,1,D+3,7,서울,부산,267.825
21,2020,연말연시,1,D+3,7,서울,부산,244.166
0,2020,설날,2,D-3,1,서울,부산,251.25
3,2020,설날,2,D-3,1,서울,부산,258.983
4,2020,설날,2,D-3,1,서울,부산,288.466
5,2020,설날,2,D-3,1,서울,부산,287.25
6,2020,설날,2,D-3,1,서울,부산,263.7
7,2020,설날,2,D-3,1,서울,부산,268.1245
8,2020,설날,2,D-3,1,서울,부산,263.2943333333333
9,2020,설날,2,D-3,1,서울,부산,262.52166666666665
10,2020,설날,2,D-3,1,서울,부산,264.70533333333333
11,2020,설날,2,D-3,1,서울,부산,261.5553333333333
12,2020,설날,2,D-3,1,서울,부산,273.0705
13,2020,설날,2,D-3,1,서울,부산,269.6716666666666
14,2020,설날,2,D-3,1,서울,부산,274.9415
15,2020,설날,2,D-3,1,서울,부산,264.0663333333333
16,2020,설날,2,D-3,1,서울,부산,272.161
17,2020,설날,2,D-3,1,서울,부산,274.86066666666665
18,2020,설날,2,D-3,1,서울,부산,285.58866666666665
19,2020,설날,2,D-3,1,서울,부산,282.658
20,2020,설날,2,D-3,1,서울,부산,273.708
21,2020,설날,2,D-3,1,서울,부산,287.216
22,2020,설날,2,D-3,1,서울,부산,282.516
23,2020,설날,2,D-3,1,서울,부산,281.55
0,2020,설날,2,D-2,2,서울,부산,312.0883333333333
1,2020,설날,2,D-2,2,서울,부산,317.525
2,2020,설날,2,D-2,2,서울,부산,325.441
3,2020,설날,2,D-2,2,서울,부산,268.01666666666665
4,2020,설날,2,D-2,2,서울,부산,268.608
5,2020,설날,2,D-2,2,서울,부산,258.6995
6,2020,설날,2,D-2,2,서울,부산,254.041
7,2020,설날,2,D-2,2,서울,부산,257.58866666666665
8,2020,설날,2,D-2,2,서울,부산,309.8745
9,2020,설날,2,D-2,2,서울,부산,286.033
10,2020,설날,2,D-2,2,서울,부산,306.808
11,2020,설날,2,D-2,2,서울,부산,312.1665
12,2020,설날,2,D-2,2,서울,부산,312.68333333333334
13,2020,설날,2,D-2,2,서울,부산,314.383
14,2020,설날,2,D-2,2,서울,부산,319.39966666666663
15,2020,설날,2,D-2,2,서울,부산,353.305
16,2020,설날,2,D-2,2,서울,부산,359.575
17,2020,설날,2,D-2,2,서울,부산,334.95
18,2020,설날,2,D-2,2,서울,부산,356.5
19,2020,설날,2,D-2,2,서울,부산,334.2745
20,2020,설날,2,D-2,2,서울,부산,375.566
21,2020,설날,2,D-2,2,서울,부산,375.933
22,2020,설날,2,D-2,2,서울,부산,416.466
23,2020,설날,2,D-2,2,서울,부산,440.066
0,2020,설날,2,D-1,3,서울,부산,384.1915
1,2020,설날,2,D-1,3,서울,부산,351.0443333333333
2,2020,설날,2,D-1,3,서울,부산,355.8205
3,2020,설날,2,D-1,3,서울,부산,366.75
4,2020,설날,2,D-1,3,서울,부산,400.38866666666667
5,2020,설날,2,D-1,3,서울,부산,431.6053333333333
6,2020,설날,2,D-1,3,서울,부산,385.35
7,2020,설날,2,D-1,3,서울,부산,502.33866666666665
8,2020,설날,2,D-1,3,서울,부산,469.1163333333333
9,2020,설날,2,D-1,3,서울,부산,455.97475
10,2020,설날,2,D-1,3,서울,부산,453.71666666666664
11,2020,설날,2,D-1,3,서울,부산,413.508
12,2020,설날,2,D-1,3,서울,부산,413.933
13,2020,설날,2,D-1,3,서울,부산,404.8663333333333
14,2020,설날,2,D-1,3,서울,부산,408.5553333333333
15,2020,설날,2,D-1,3,서울,부산,411.6273333333333
16,2020,설날,2,D-1,3,서울,부산,425.9
17,2020,설날,2,D-1,3,서울,부산,404.2665
18,2020,설날,2,D-1,3,서울,부산,382.333
19,2020,설날,2,D-1,3,서울,부산,370.44966666666664
20,2020,설날,2,D-1,3,서울,부산,353.872
21,2020,설날,2,D-1,3,서울,부산,368.4245
22,2020,설날,2,D-1,3,서울,부산,381.133
23,2020,설날,2,D-1,3,서울,부산,338.25
0,2020,설날,2,D,4,서울,부산,288.633
1,2020,설날,2,D,4,서울,부산,292.105
2,2020,설날,2,D,4,서울,부산,282.50533333333334
3,2020,설날,2,D,4,서울,부산,279.666
4,2020,설날,2,D,4,서울,부산,273.841
5,2020,설날,2,D,4,서울,부산,268.533
6,2020,설날,2,D,4,서울,부산,270.0
7,2020,설날,2,D,4,서울,부산,284.7745
8,2020,설날,2,D,4,서울,부산,299.19966666666664
9,2020,설날,2,D,4,서울,부산,294.075
10,2020,설날,2,D,4,서울,부산,305.733
11,2020,설날,2,D,4,서울,부산,331.70533333333333
12,2020,설날,2,D,4,서울,부산,331.67766666666665
13,2020,설날,2,D,4,서울,부산,338.56066666666663
14,2020,설날,2,D,4,서울,부산,341.233
15,2020,설날,2,D,4,서울,부산,339.1415
16,2020,설날,2,D,4,서울,부산,340.7415
17,2020,설날,2,D,4,서울,부산,348.0415
18,2020,설날,2,D,4,서울,부산,351.908
19,2020,설날,2,D,4,서울,부산,397.85
20,2020,설날,2,D,4,서울,부산,401.716
21,2020,설날,2,D,4,서울,부산,375.4
22,2020,설날,2,D,4,서울,부산,352.283
0,2020,설날,2,D+1,5,서울,부산,265.616
1,2020,설날,2,D+1,5,서울,부산,263.883
2,2020,설날,2,D+1,5,서울,부산,252.783
3,2020,설날,2,D+1,5,서울,부산,249.733
4,2020,설날,2,D+1,5,서울,부산,277.2495
5,2020,설날,2,D+1,5,서울,부산,271.9415
6,2020,설날,2,D+1,5,서울,부산,270.533
7,2020,설날,2,D+1,5,서울,부산,267.916
8,2020,설날,2,D+1,5,서울,부산,269.1165
9,2020,설날,2,D+1,5,서울,부산,266.191
10,2020,설날,2,D+1,5,서울,부산,268.433
11,2020,설날,2,D+1,5,서울,부산,270.291
12,2020,설날,2,D+1,5,서울,부산,275.55
13,2020,설날,2,D+1,5,서울,부산,273.02733333333333
14,2020,설날,2,D+1,5,서울,부산,276.1915
15,2020,설날,2,D+1,5,서울,부산,275.4665
16,2020,설날,2,D+1,5,서울,부산,282.9495
17,2020,설날,2,D+1,5,서울,부산,282.86066666666665
18,2020,설날,2,D+1,5,서울,부산,288.483
19,2020,설날,2,D+1,5,서울,부산,305.891
20,2020,설날,2,D+1,5,서울,부산,292.808
21,2020,설날,2,D+1,5,서울,부산,292.408
22,2020,설날,2,D+1,5,서울,부산,273.3915
23,2020,설날,2,D+1,5,서울,부산,268.0
0,2020,설날,2,D+2,6,서울,부산,244.9665
1,2020,설날,2,D+2,6,서울,부산,241.025
2,2020,설날,2,D+2,6,서울,부산,240.625
3,2020,설날,2,D+2,6,서울,부산,250.6
4,2020,설날,2,D+2,6,서울,부산,260.5665
5,2020,설날,2,D+2,6,서울,부산,265.7995
6,2020,설날,2,D+2,6,서울,부산,274.658
7,2020,설날,2,D+2,6,서울,부산,285.258
8,2020,설날,2,D+2,6,서울,부산,275.833
9,2020,설날,2,D+2,6,서울,부산,282.9
10,2020,설날,2,D+2,6,서울,부산,289.9745
11,2020,설날,2,D+2,6,서울,부산,291.383
12,2020,설날,2,D+2,6,서울,부산,272.1273333333333
13,2020,설날,2,D+2,6,서울,부산,273.69966666666664
14,2020,설날,2,D+2,6,서울,부산,283.383
15,2020,설날,2,D+2,6,서울,부산,297.7415
16,2020,설날,2,D+2,6,서울,부산,276.2163333333333
17,2020,설날,2,D+2,6,서울,부산,269.1886666666666
18,2020,설날,2,D+2,6,서울,부산,270.994
19,2020,설날,2,D+2,6,서울,부산,271.372
20,2020,설날,2,D+2,6,서울,부산,293.25
21,2020,설날,2,D+2,6,서울,부산,303.583
22,2020,설날,2,D+2,6,서울,부산,301.966
23,2020,설날,2,D+2,6,서울,부산,302.016
1,2020,설날,2,D+3,7,서울,부산,258.216
2,2020,설날,2,D+3,7,서울,부산,432.883
4,2020,설날,2,D+3,7,서울,부산,
5,2020,설날,2,D+3,7,서울,부산,272.833
6,2020,설날,2,D+3,7,서울,부산,284.766
7,2020,설날,2,D+3,7,서울,부산,268.383
8,2020,설날,2,D+3,7,서울,부산,268.35
9,2020,설날,2,D+3,7,서울,부산,276.9
10,2020,설날,2,D+3,7,서울,부산,276.061
11,2020,설날,2,D+3,7,서울,부산,266.7776666666666
12,2020,설날,2,D+3,7,서울,부산,263.0745
13,2020,설날,2,D+3,7,서울,부산,262.9665
14,2020,설날,2,D+3,7,서울,부산,259.533
15,2020,설날,2,D+3,7,서울,부산,257.144
16,2020,설날,2,D+3,7,서울,부산,262.341
17,2020,설날,2,D+3,7,서울,부산,254.683
18,2020,설날,2,D+3,7,서울,부산,250.1665
19,2020,설날,2,D+3,7,서울,부산,244.3995
20,2020,설날,2,D+3,7,서울,부산,255.0
21,2020,설날,2,D+3,7,서울,부산,257.133
22,2020,설날,2,D+3,7,서울,부산,246.316
23,2020,설날,2,D+3,7,서울,부산,241.966
0,2020,추석,3,D-3,1,서울,부산,240.916
4,2020,추석,3,D-3,1,서울,부산,203.716
5,2020,추석,3,D-3,1,서울,부산,209.783
6,2020,추석,3,D-3,1,서울,부산,219.366
7,2020,추석,3,D-3,1,서울,부산,231.258
8,2020,추석,3,D-3,1,서울,부산,231.5165
9,2020,추석,3,D-3,1,서울,부산,235.2995
10,2020,추석,3,D-3,1,서울,부산,235.866
11,2020,추석,3,D-3,1,서울,부산,234.4665
12,2020,추석,3,D-3,1,서울,부산,252.5245
13,2020,추석,3,D-3,1,서울,부산,257.1995
14,2020,추석,3,D-3,1,서울,부산,253.9915
15,2020,추석,3,D-3,1,서울,부산,254.3165
16,2020,추석,3,D-3,1,서울,부산,254.0245
17,2020,추석,3,D-3,1,서울,부산,268.1273333333333
18,2020,추석,3,D-3,1,서울,부산,249.375
19,2020,추석,3,D-3,1,서울,부산,250.308
20,2020,추석,3,D-3,1,서울,부산,249.9495
21,2020,추석,3,D-3,1,서울,부산,251.816
22,2020,추석,3,D-3,1,서울,부산,278.858
23,2020,추석,3,D-3,1,서울,부산,247.05
0,2020,추석,3,D-2,2,서울,부산,252.0915
1,2020,추석,3,D-2,2,서울,부산,248.858
2,2020,추석,3,D-2,2,서울,부산,245.733
3,2020,추석,3,D-2,2,서울,부산,250.6495
4,2020,추석,3,D-2,2,서울,부산,249.808
5,2020,추석,3,D-2,2,서울,부산,255.2745
6,2020,추석,3,D-2,2,서울,부산,259.441
7,2020,추석,3,D-2,2,서울,부산,259.933
8,2020,추석,3,D-2,2,서울,부산,261.2745
9,2020,추석,3,D-2,2,서울,부산,266.058
10,2020,추석,3,D-2,2,서울,부산,270.083
11,2020,추석,3,D-2,2,서울,부산,288.572
12,2020,추석,3,D-2,2,서울,부산,278.2415
13,2020,추석,3,D-2,2,서울,부산,279.7995
14,2020,추석,3,D-2,2,서울,부산,295.9443333333333
15,2020,추석,3,D-2,2,서울,부산,296.633
16,2020,추석,3,D-2,2,서울,부산,308.958
17,2020,추석,3,D-2,2,서울,부산,310.17875
18,2020,추석,3,D-2,2,서울,부산,303.872
19,2020,추석,3,D-2,2,서울,부산,306.21625
20,2020,추석,3,D-2,2,서울,부산,316.8165
21,2020,추석,3,D-2,2,서울,부산,334.15
22,2020,추석,3,D-2,2,서울,부산,319.8495
23,2020,추석,3,D-2,2,서울,부산,302.9165
0,2020,추석,3,D-1,3,서울,부산,285.8665
1,2020,추석,3,D-1,3,서울,부산,281.1995
2,2020,추석,3,D-1,3,서울,부산,289.9495
3,2020,추석,3,D-1,3,서울,부산,278.65
4,2020,추석,3,D-1,3,서울,부산,271.4165
5,2020,추석,3,D-1,3,서울,부산,277.008
6,2020,추석,3,D-1,3,서울,부산,277.5495
7,2020,추석,3,D-1,3,서울,부산,277.983
8,2020,추석,3,D-1,3,서울,부산,287.8415
9,2020,추석,3,D-1,3,서울,부산,297.891
10,2020,추석,3,D-1,3,서울,부산,310.9915
11,2020,추석,3,D-1,3,서울,부산,315.333
12,2020,추석,3,D-1,3,서울,부산,316.00533333333334
13,2020,추석,3,D-1,3,서울,부산,326.2995
14,2020,추석,3,D-1,3,서울,부산,320.058
15,2020,추석,3,D-1,3,서울,부산,320.3415
16,2020,추석,3,D-1,3,서울,부산,313.6245
17,2020,추석,3,D-1,3,서울,부산,309.758
18,2020,추석,3,D-1,3,서울,부산,304.9443333333333
19,2020,추석,3,D-1,3,서울,부산,288.4995
20,2020,추석,3,D-1,3,서울,부산,267.258
21,2020,추석,3,D-1,3,서울,부산,288.766
22,2020,추석,3,D-1,3,서울,부산,279.483
23,2020,추석,3,D-1,3,서울,부산,259.666
0,2020,추석,3,D,4,서울,부산,262.4415
1,2020,추석,3,D,4,서울,부산,258.6995
2,2020,추석,3,D,4,서울,부산,252.0915
3,2020,추석,3,D,4,서울,부산,250.033
4,2020,추석,3,D,4,서울,부산,248.383
5,2020,추석,3,D,4,서울,부산,263.216
6,2020,추석,3,D,4,서울,부산,255.3415
7,2020,추석,3,D,4,서울,부산,252.7495
8,2020,추석,3,D,4,서울,부산,251.3745
9,2020,추석,3,D,4,서울,부산,255.7915
10,2020,추석,3,D,4,서울,부산,262.358
11,2020,추석,3,D,4,서울,부산,268.3245
12,2020,추석,3,D,4,서울,부산,271.325
13,2020,추석,3,D,4,서울,부산,274.0165
14,2020,추석,3,D,4,서울,부산,275.891
15,2020,추석,3,D,4,서울,부산,279.733
16,2020,추석,3,D,4,서울,부산,278.425
17,2020,추석,3,D,4,서울,부산,280.658
18,2020,추석,3,D,4,서울,부산,280.241
19,2020,추석,3,D,4,서울,부산,271.8165
20,2020,추석,3,D,4,서울,부산,261.975
21,2020,추석,3,D,4,서울,부산,278.45
22,2020,추석,3,D,4,서울,부산,260.733
23,2020,추석,3,D,4,서울,부산,243.966
0,2020,추석,3,D+1,5,서울,부산,346.891
1,2020,추석,3,D+1,5,서울,부산,304.875
2,2020,추석,3,D+1,5,서울,부산,297.8165
3,2020,추석,3,D+1,5,서울,부산,294.566
4,2020,추석,3,D+1,5,서울,부산,278.808
5,2020,추석,3,D+1,5,서울,부산,266.358
6,2020,추석,3,D+1,5,서울,부산,266.205
7,2020,추석,3,D+1,5,서울,부산,266.76666666666665
8,2020,추석,3,D+1,5,서울,부산,261.8165
9,2020,추석,3,D+1,5,서울,부산,262.808
10,2020,추석,3,D+1,5,서울,부산,262.533
11,2020,추석,3,D+1,5,서울,부산,266.8496666666666
12,2020,추석,3,D+1,5,서울,부산,265.27166666666665
13,2020,추석,3,D+1,5,서울,부산,260.325
14,2020,추석,3,D+1,5,서울,부산,262.333
15,2020,추석,3,D+1,5,서울,부산,264.125
16,2020,추석,3,D+1,5,서울,부산,267.3415
17,2020,추석,3,D+1,5,서울,부산,271.008
18,2020,추석,3,D+1,5,서울,부산,268.391
19,2020,추석,3,D+1,5,서울,부산,270.766
20,2020,추석,3,D+1,5,서울,부산,268.65
21,2020,추석,3,D+1,5,서울,부산,274.166
22,2020,추석,3,D+1,5,서울,부산,260.216
1,2020,추석,3,D+2,6,서울,부산,254.9995
2,2020,추석,3,D+2,6,서울,부산,247.733
3,2020,추석,3,D+2,6,서울,부산,263.741
4,2020,추석,3,D+2,6,서울,부산,263.175
5,2020,추석,3,D+2,6,서울,부산,262.608
6,2020,추석,3,D+2,6,서울,부산,261.1495
7,2020,추석,3,D+2,6,서울,부산,257.3495
8,2020,추석,3,D+2,6,서울,부산,254.758
9,2020,추석,3,D+2,6,서울,부산,253.5165
10,2020,추석,3,D+2,6,서울,부산,254.633
11,2020,추석,3,D+2,6,서울,부산,250.8245
12,2020,추석,3,D+2,6,서울,부산,254.958
13,2020,추석,3,D+2,6,서울,부산,255.4915
14,2020,추석,3,D+2,6,서울,부산,252.2495
15,2020,추석,3,D+2,6,서울,부산,252.625
16,2020,추석,3,D+2,6,서울,부산,256.1245
17,2020,추석,3,D+2,6,서울,부산,251.333
18,2020,추석,3,D+2,6,서울,부산,240.554
19,2020,추석,3,D+2,6,서울,부산,242.97733333333332
20,2020,추석,3,D+2,6,서울,부산,250.066
21,2020,추석,3,D+2,6,서울,부산,243.433
22,2020,추석,3,D+2,6,서울,부산,233.18866666666665
23,2020,추석,3,D+2,6,서울,부산,240.116
0,2020,추석,3,D+3,7,서울,부산,345.433
1,2020,추석,3,D+3,7,서울,부산,298.25
2,2020,추석,3,D+3,7,서울,부산,318.633
3,2020,추석,3,D+3,7,서울,부산,339.0
4,2020,추석,3,D+3,7,서울,부산,259.2995
5,2020,추석,3,D+3,7,서울,부산,278.616
6,2020,추석,3,D+3,7,서울,부산,313.383
7,2020,추석,3,D+3,7,서울,부산,308.308
8,2020,추석,3,D+3,7,서울,부산,322.408
9,2020,추석,3,D+3,7,서울,부산,299.358
10,2020,추석,3,D+3,7,서울,부산,353.2165
11,2020,추석,3,D+3,7,서울,부산,325.2995
12,2020,추석,3,D+3,7,서울,부산,310.7745
13,2020,추석,3,D+3,7,서울,부산,296.258
14,2020,추석,3,D+3,7,서울,부산,280.233
15,2020,추석,3,D+3,7,서울,부산,279.9915
16,2020,추석,3,D+3,7,서울,부산,270.2915
17,2020,추석,3,D+3,7,서울,부산,266.2995
18,2020,추석,3,D+3,7,서울,부산,259.7915
19,2020,추석,3,D+3,7,서울,부산,284.6553333333333
20,2020,추석,3,D+3,7,서울,부산,273.183
21,2020,추석,3,D+3,7,서울,부산,265.833
22,2020,추석,3,D+3,7,서울,부산,266.183
23,2020,추석,3,D+3,7,서울,부산,260.45
0,2021,연말연시,1,D,4,서울,부산,225.933
1,2021,연말연시,1,D,4,서울,부산,236.6
2,2021,연말연시,1,D,4,서울,부산,238.233
3,2021,연말연시,1,D,4,서울,부산,239.4415
4,2021,연말연시,1,D,4,서울,부산,233.616
5,2021,연말연시,1,D,4,서울,부산,237.275
6,2021,연말연시,1,D,4,서울,부산,243.6495
7,2021,연말연시,1,D,4,서울,부산,243.508
8,2021,연말연시,1,D,4,서울,부산,241.3
9,2021,연말연시,1,D,4,서울,부산,248.9415
10,2021,연말연시,1,D,4,서울,부산,252.558
11,2021,연말연시,1,D,4,서울,부산,253.1915
12,2021,연말연시,1,D,4,서울,부산,280.9833333333333
13,2021,연말연시,1,D,4,서울,부산,280.922
14,2021,연말연시,1,D,4,서울,부산,282.27166666666665
15,2021,연말연시,1,D,4,서울,부산,266.2
16,2021,연말연시,1,D,4,서울,부산,272.7495
17,2021,연말연시,1,D,4,서울,부산,287.97766666666666
18,2021,연말연시,1,D,4,서울,부산,287.7163333333333
19,2021,연말연시,1,D,4,서울,부산,284.0996666666666
20,2021,연말연시,1,D,4,서울,부산,261.5995
21,2021,연말연시,1,D,4,서울,부산,292.616
22,2021,연말연시,1,D,4,서울,부산,285.1
23,2021,연말연시,1,D,4,서울,부산,253.283
0,2021,연말연시,1,D+1,5,서울,부산,294.35
1,2021,연말연시,1,D+1,5,서울,부산,276.841
2,2021,연말연시,1,D+1,5,서울,부산,282.966
3,2021,연말연시,1,D+1,5,서울,부산,275.7
4,2021,연말연시,1,D+1,5,서울,부산,262.1915
5,2021,연말연시,1,D+1,5,서울,부산,260.05
7,2021,연말연시,1,D+1,5,서울,부산,264.3
8,2021,연말연시,1,D+1,5,서울,부산,260.5665
9,2021,연말연시,1,D+1,5,서울,부산,250.466
10,2021,연말연시,1,D+1,5,서울,부산,251.033
11,2021,연말연시,1,D+1,5,서울,부산,257.9415
12,2021,연말연시,1,D+1,5,서울,부산,265.3666666666666
13,2021,연말연시,1,D+1,5,서울,부산,266.48866666666663
14,2021,연말연시,1,D+1,5,서울,부산,261.0745
15,2021,연말연시,1,D+1,5,서울,부산,262.2495
16,2021,연말연시,1,D+1,5,서울,부산,257.9245
17,2021,연말연시,1,D+1,5,서울,부산,266.783
18,2021,연말연시,1,D+1,5,서울,부산,255.133
19,2021,연말연시,1,D+1,5,서울,부산,272.816
20,2021,연말연시,1,D+1,5,서울,부산,264.566
21,2021,연말연시,1,D+1,5,서울,부산,255.55
22,2021,연말연시,1,D+1,5,서울,부산,250.516
0,2021,연말연시,1,D+2,6,서울,부산,256.2745
1,2021,연말연시,1,D+2,6,서울,부산,257.4665
2,2021,연말연시,1,D+2,6,서울,부산,258.641
3,2021,연말연시,1,D+2,6,서울,부산,256.95
4,2021,연말연시,1,D+2,6,서울,부산,257.183
5,2021,연말연시,1,D+2,6,서울,부산,258.4995
6,2021,연말연시,1,D+2,6,서울,부산,259.8165
7,2021,연말연시,1,D+2,6,서울,부산,259.0915
8,2021,연말연시,1,D+2,6,서울,부산,256.5165
9,2021,연말연시,1,D+2,6,서울,부산,253.9415
10,2021,연말연시,1,D+2,6,서울,부산,251.366
11,2021,연말연시,1,D+2,6,서울,부산,236.68866666666665
12,2021,연말연시,1,D+2,6,서울,부산,249.555
13,2021,연말연시,1,D+2,6,서울,부산,253.641
14,2021,연말연시,1,D+2,6,서울,부산,236.083
15,2021,연말연시,1,D+2,6,서울,부산,248.89966666666663
16,2021,연말연시,1,D+2,6,서울,부산,253.311
17,2021,연말연시,1,D+2,6,서울,부산,267.111
18,2021,연말연시,1,D+2,6,서울,부산,299.3245
19,2021,연말연시,1,D+2,6,서울,부산,257.816
20,2021,연말연시,1,D+2,6,서울,부산,247.983
21,2021,연말연시,1,D+2,6,서울,부산,248.333
2,2021,연말연시,1,D+3,7,서울,부산,218.85
4,2021,연말연시,1,D+3,7,서울,부산,
7,2021,연말연시,1,D+3,7,서울,부산,255.283
8,2021,연말연시,1,D+3,7,서울,부산,259.716
9,2021,연말연시,1,D+3,7,서울,부산,261.083
10,2021,연말연시,1,D+3,7,서울,부산,262.45
11,2021,연말연시,1,D+3,7,서울,부산,257.008
12,2021,연말연시,1,D+3,7,서울,부산,258.233
13,2021,연말연시,1,D+3,7,서울,부산,253.0165
14,2021,연말연시,1,D+3,7,서울,부산,252.5915
15,2021,연말연시,1,D+3,7,서울,부산,249.4495
16,2021,연말연시,1,D+3,7,서울,부산,245.9915
17,2021,연말연시,1,D+3,7,서울,부산,243.4995
18,2021,연말연시,1,D+3,7,서울,부산,243.772
19,2021,연말연시,1,D+3,7,서울,부산,238.158
20,2021,연말연시,1,D+3,7,서울,부산,237.75
21,2021,연말연시,1,D+3,7,서울,부산,241.866
22,2021,연말연시,1,D+3,7,서울,부산,244.225
23,2021,연말연시,1,D+3,7,서울,부산,236.016
0,2021,설날,2,D-3,1,서울,부산,249.05
1,2021,설날,2,D-3,1,서울,부산,249.1
2,2021,설날,2,D-3,1,서울,부산,249.15
3,2021,설날,2,D-3,1,서울,부산,
4,2021,설날,2,D-3,1,서울,부산,
5,2021,설날,2,D-3,1,서울,부산,292.066
6,2021,설날,2,D-3,1,서울,부산,273.616
7,2021,설날,2,D-3,1,서울,부산,288.05
8,2021,설날,2,D-3,1,서울,부산,277.783
9,2021,설날,2,D-3,1,서울,부산,265.991
10,2021,설날,2,D-3,1,서울,부산,275.766
11,2021,설날,2,D-3,1,서울,부산,283.183
12,2021,설날,2,D-3,1,서울,부산,273.633
13,2021,설날,2,D-3,1,서울,부산,270.1495
14,2021,설날,2,D-3,1,서울,부산,267.95
15,2021,설날,2,D-3,1,서울,부산,270.5495
16,2021,설날,2,D-3,1,서울,부산,276.9915
17,2021,설날,2,D-3,1,서울,부산,275.4915
18,2021,설날,2,D-3,1,서울,부산,272.4
19,2021,설날,2,D-3,1,서울,부산,268.77166666666665
20,2021,설날,2,D-3,1,서울,부산,263.516
21,2021,설날,2,D-3,1,서울,부산,268.05
22,2021,설날,2,D-3,1,서울,부산,265.033
23,2021,설날,2,D-3,1,서울,부산,269.466
0,2021,설날,2,D-2,2,서울,부산,262.2415
1,2021,설날,2,D-2,2,서울,부산,271.2245
2,2021,설날,2,D-2,2,서울,부산,268.933
3,2021,설날,2,D-2,2,서울,부산,270.266
4,2021,설날,2,D-2,2,서울,부산,272.0443333333333
5,2021,설날,2,D-2,2,서울,부산,274.133
6,2021,설날,2,D-2,2,서울,부산,268.84433333333334
7,2021,설날,2,D-2,2,서울,부산,268.8163333333333
8,2021,설날,2,D-2,2,서울,부산,280.6
9,2021,설날,2,D-2,2,서울,부산,265.16066666666666
10,2021,설날,2,D-2,2,서울,부산,256.541
11,2021,설날,2,D-2,2,서울,부산,272.88266666666664
12,2021,설날,2,D-2,2,서울,부산,279.8665
13,2021,설날,2,D-2,2,서울,부산,294.3245
14,2021,설날,2,D-2,2,서울,부산,297.6665
15,2021,설날,2,D-2,2,서울,부산,294.8716666666666
16,2021,설날,2,D-2,2,서울,부산,317.125
17,2021,설날,2,D-2,2,서울,부산,313.6
18,2021,설날,2,D-2,2,서울,부산,321.2245
19,2021,설날,2,D-2,2,서울,부산,324.066
20,2021,설날,2,D-2,2,서울,부산,328.15
21,2021,설날,2,D-2,2,서울,부산,342.25
22,2021,설날,2,D-2,2,서울,부산,344.583
23,2021,설날,2,D-2,2,서울,부산,347.683
0,2021,설날,2,D-1,3,서울,부산,231.6415
1,2021,설날,2,D-1,3,서울,부산,242.8915
2,2021,설날,2,D-1,3,서울,부산,249.933
3,2021,설날,2,D-1,3,서울,부산,253.93866666666665
4,2021,설날,2,D-1,3,서울,부산,257.97166666666664
5,2021,설날,2,D-1,3,서울,부산,267.5165
6,2021,설날,2,D-1,3,서울,부산,286.372
7,2021,설날,2,D-1,3,서울,부산,290.82733333333334
8,2021,설날,2,D-1,3,서울,부산,283.0996666666666
9,2021,설날,2,D-1,3,서울,부산,319.3773333333333
10,2021,설날,2,D-1,3,서울,부산,319.11066666666665
11,2021,설날,2,D-1,3,서울,부산,320.91633333333334
12,2021,설날,2,D-1,3,서울,부산,325.572
13,2021,설날,2,D-1,3,서울,부산,322.23866666666663
14,2021,설날,2,D-1,3,서울,부산,315.658
15,2021,설날,2,D-1,3,서울,부산,323.98725
16,2021,설날,2,D-1,3,서울,부산,319.3665
17,2021,설날,2,D-1,3,서울,부산,327.14966666666663
18,2021,설날,2,D-1,3,서울,부산,298.47475
19,2021,설날,2,D-1,3,서울,부산,303.37766666666664
20,2021,설날,2,D-1,3,서울,부산,280.8553333333333
21,2021,설날,2,D-1,3,서울,부산,279.783
22,2021,설날,2,D-1,3,서울,부산,253.033
23,2021,설날,2,D-1,3,서울,부산,254.75
0,2021,설날,2,D,4,서울,부산,369.9665
1,2021,설날,2,D,4,서울,부산,243.5
2,2021,설날,2,D,4,서울,부산,240.7665
3,2021,설날,2,D,4,서울,부산,242.058
4,2021,설날,2,D,4,서울,부산,246.2415
5,2021,설날,2,D,4,서울,부산,242.2415
6,2021,설날,2,D,4,서울,부산,244.491
7,2021,설날,2,D,4,서울,부산,242.9495
8,2021,설날,2,D,4,서울,부산,239.0495
9,2021,설날,2,D,4,서울,부산,252.5665
10,2021,설날,2,D,4,서울,부산,254.48833333333332
11,2021,설날,2,D,4,서울,부산,266.8495
12,2021,설날,2,D,4,서울,부산,272.0415
13,2021,설날,2,D,4,서울,부산,280.7245
14,2021,설날,2,D,4,서울,부산,268.644
15,2021,설날,2,D,4,서울,부산,282.541
16,2021,설날,2,D,4,서울,부산,287.633
17,2021,설날,2,D,4,서울,부산,282.983
18,2021,설날,2,D,4,서울,부산,276.5
19,2021,설날,2,D,4,서울,부산,268.8915
20,2021,설날,2,D,4,서울,부산,283.75
21,2021,설날,2,D,4,서울,부산,269.35
22,2021,설날,2,D,4,서울,부산,257.016
23,2021,설날,2,D,4,서울,부산,250.833
0,2021,설날,2,D+1,5,서울,부산,227.2
1,2021,설날,2,D+1,5,서울,부산,206.675
2,2021,설날,2,D+1,5,서울,부산,206.7915
3,2021,설날,2,D+1,5,서울,부산,215.2415
4,2021,설날,2,D+1,5,서울,부산,214.1745
5,2021,설날,2,D+1,5,서울,부산,218.95
6,2021,설날,2,D+1,5,서울,부산,220.4245
7,2021,설날,2,D+1,5,서울,부산,241.53866666666664
8,2021,설날,2,D+1,5,서울,부산,233.633
9,2021,설날,2,D+1,5,서울,부산,237.575
10,2021,설날,2,D+1,5,서울,부산,249.091
11,2021,설날,2,D+1,5,서울,부산,261.361
12,2021,설날,2,D+1,5,서울,부산,255.8745
13,2021,설날,2,D+1,5,서울,부산,256.491
14,2021,설날,2,D+1,5,서울,부산,262.7665
15,2021,설날,2,D+1,5,서울,부산,260.808
16,2021,설날,2,D+1,5,서울,부산,264.7495
17,2021,설날,2,D+1,5,서울,부산,260.1745
18,2021,설날,2,D+1,5,서울,부산,257.683
19,2021,설날,2,D+1,5,서울,부산,282.183
20,2021,설날,2,D+1,5,서울,부산,269.416
21,2021,설날,2,D+1,5,서울,부산,262.966
22,2021,설날,2,D+1,5,서울,부산,258.8
23,2021,설날,2,D+1,5,서울,부산,259.033
0,2021,설날,2,D+2,6,서울,부산,217.583
1,2021,설날,2,D+2,6,서울,부산,221.833
2,2021,설날,2,D+2,6,서울,부산,
3,2021,설날,2,D+2,6,서울,부산,241.116
4,2021,설날,2,D+2,6,서울,부산,238.566
5,2021,설날,2,D+2,6,서울,부산,235.366
6,2021,설날,2,D+2,6,서울,부산,232.15
7,2021,설날,2,D+2,6,서울,부산,242.366
8,2021,설날,2,D+2,6,서울,부산,257.383
9,2021,설날,2,D+2,6,서울,부산,249.2415
10,2021,설날,2,D+2,6,서울,부산,246.125
11,2021,설날,2,D+2,6,서울,부산,249.716
12,2021,설날,2,D+2,6,서울,부산,260.4245
13,2021,설날,2,D+2,6,서울,부산,265.6665
14,2021,설날,2,D+2,6,서울,부산,270.958
15,2021,설날,2,D+2,6,서울,부산,270.516
16,2021,설날,2,D+2,6,서울,부산,254.105
17,2021,설날,2,D+2,6,서울,부산,274.4745
18,2021,설날,2,D+2,6,서울,부산,283.933
19,2021,설날,2,D+2,6,서울,부산,282.083
20,2021,설날,2,D+2,6,서울,부산,249.841
21,2021,설날,2,D+2,6,서울,부산,273.483
22,2021,설날,2,D+2,6,서울,부산,271.433
0,2021,설날,2,D+3,7,서울,부산,218.908
1,2021,설날,2,D+3,7,서울,부산,226.9245
2,2021,설날,2,D+3,7,서울,부산,234.5745
3,2021,설날,2,D+3,7,서울,부산,237.591
4,2021,설날,2,D+3,7,서울,부산,240.708
5,2021,설날,2,D+3,7,서울,부산,243.816
6,2021,설날,2,D+3,7,서울,부산,252.9245
7,2021,설날,2,D+3,7,서울,부산,260.333
8,2021,설날,2,D+3,7,서울,부산,261.683
9,2021,설날,2,D+3,7,서울,부산,264.683
10,2021,설날,2,D+3,7,서울,부산,271.116
11,2021,설날,2,D+3,7,서울,부산,278.333
12,2021,설날,2,D+3,7,서울,부산,279.883
13,2021,설날,2,D+3,7,서울,부산,278.7245
14,2021,설날,2,D+3,7,서울,부산,271.108
15,2021,설날,2,D+3,7,서울,부산,279.733
16,2021,설날,2,D+3,7,서울,부산,278.3163333333333
17,2021,설날,2,D+3,7,서울,부산,276.416
18,2021,설날,2,D+3,7,서울,부산,282.133
19,2021,설날,2,D+3,7,서울,부산,283.983
20,2021,설날,2,D+3,7,서울,부산,285.816
21,2021,설날,2,D+3,7,서울,부산,278.666
0,2021,추석,3,D-3,1,서울,부산,257.0415
1,2021,추석,3,D-3,1,서울,부산,260.9995
2,2021,추석,3,D-3,1,서울,부산,259.4245
3,2021,추석,3,D-3,1,서울,부산,253.7415
4,2021,추석,3,D-3,1,서울,부산,254.716
5,2021,추석,3,D-3,1,서울,부산,262.1495
6,2021,추석,3,D-3,1,서울,부산,276.0745
7,2021,추석,3,D-3,1,서울,부산,294.591
8,2021,추석,3,D-3,1,서울,부산,292.133
9,2021,추석,3,D-3,1,서울,부산,302.983
10,2021,추석,3,D-3,1,서울,부산,322.025
11,2021,추석,3,D-3,1,서울,부산,348.4216666666666
12,2021,추석,3,D-3,1,서울,부산,345.41633333333334
13,2021,추석,3,D-3,1,서울,부산,352.6443333333333
14,2021,추석,3,D-3,1,서울,부산,358.8773333333333
15,2021,추석,3,D-3,1,서울,부산,359.2826666666666
16,2021,추석,3,D-3,1,서울,부산,345.61633333333333
17,2021,추석,3,D-3,1,서울,부산,353.78725
18,2021,추석,3,D-3,1,서울,부산,345.937
19,2021,추석,3,D-3,1,서울,부산,341.2163333333333
20,2021,추석,3,D-3,1,서울,부산,357.391
21,2021,추석,3,D-3,1,서울,부산,348.308
22,2021,추석,3,D-3,1,서울,부산,340.375
23,2021,추석,3,D-3,1,서울,부산,324.8245
0,2021,추석,3,D-2,2,서울,부산,290.9
1,2021,추석,3,D-2,2,서울,부산,277.3665
2,2021,추석,3,D-2,2,서울,부산,264.1216666666666
3,2021,추석,3,D-2,2,서울,부산,268.2663333333333
4,2021,추석,3,D-2,2,서울,부산,266.56066666666663
5,2021,추석,3,D-2,2,서울,부산,307.14966666666663
6,2021,추석,3,D-2,2,서울,부산,293.872
7,2021,추석,3,D-2,2,서울,부산,289.944
8,2021,추석,3,D-2,2,서울,부산,293.35
9,2021,추석,3,D-2,2,서울,부산,300.8415
10,2021,추석,3,D-2,2,서울,부산,309.433
11,2021,추석,3,D-2,2,서울,부산,323.833
12,2021,추석,3,D-2,2,서울,부산,332.2495
13,2021,추석,3,D-2,2,서울,부산,343.5995
14,2021,추석,3,D-2,2,서울,부산,346.891
15,2021,추석,3,D-2,2,서울,부산,374.52166666666665
16,2021,추석,3,D-2,2,서울,부산,341.9665
17,2021,추석,3,D-2,2,서울,부산,341.8415
18,2021,추석,3,D-2,2,서울,부산,344.958
19,2021,추석,3,D-2,2,서울,부산,335.5915
20,2021,추석,3,D-2,2,서울,부산,368.25
21,2021,추석,3,D-2,2,서울,부산,345.466
22,2021,추석,3,D-2,2,서울,부산,381.3165
23,2021,추석,3,D-2,2,서울,부산,312.3
0,2021,추석,3,D-1,3,서울,부산,228.716
1,2021,추석,3,D-1,3,서울,부산,240.875
2,2021,추석,3,D-1,3,서울,부산,243.633
3,2021,추석,3,D-1,3,서울,부산,242.0165
4,2021,추석,3,D-1,3,서울,부산,254.07766666666663
5,2021,추석,3,D-1,3,서울,부산,248.641
6,2021,추석,3,D-1,3,서울,부산,251.1495
7,2021,추석,3,D-1,3,서울,부산,255.8245
8,2021,추석,3,D-1,3,서울,부산,261.233
9,2021,추석,3,D-1,3,서울,부산,275.872
10,2021,추석,3,D-1,3,서울,부산,288.558
11,2021,추석,3,D-1,3,서울,부산,294.608
12,2021,추석,3,D-1,3,서울,부산,296.066
13,2021,추석,3,D-1,3,서울,부산,295.425
14,2021,추석,3,D-1,3,서울,부산,296.583
15,2021,추석,3,D-1,3,서울,부산,297.0495
16,2021,추석,3,D-1,3,서울,부산,303.2165
17,2021,추석,3,D-1,3,서울,부산,298.9915
18,2021,추석,3,D-1,3,서울,부산,287.533
19,2021,추석,3,D-1,3,서울,부산,274.0245
20,2021,추석,3,D-1,3,서울,부산,264.8665
21,2021,추석,3,D-1,3,서울,부산,264.5
22,2021,추석,3,D-1,3,서울,부산,274.6
23,2021,추석,3,D-1,3,서울,부산,246.266
0,2021,추석,3,D,4,서울,부산,219.458
1,2021,추석,3,D,4,서울,부산,239.0665
2,2021,추석,3,D,4,서울,부산,248.5165
3,2021,추석,3,D,4,서울,부산,271.52875
4,2021,추석,3,D,4,서울,부산,252.408
5,2021,추석,3,D,4,서울,부산,267.88866666666667
6,2021,추석,3,D,4,서울,부산,282.194
7,2021,추석,3,D,4,서울,부산,290.625
8,2021,추석,3,D,4,서울,부산,303.416
9,2021,추석,3,D,4,서울,부산,294.8745
10,2021,추석,3,D,4,서울,부산,301.0
11,2021,추석,3,D,4,서울,부산,326.558
12,2021,추석,3,D,4,서울,부산,345.9995
13,2021,추석,3,D,4,서울,부산,348.42766666666665
14,2021,추석,3,D,4,서울,부산,369.9495
15,2021,추석,3,D,4,서울,부산,359.2415
16,2021,추석,3,D,4,서울,부산,345.858
17,2021,추석,3,D,4,서울,부산,337.7245
18,2021,추석,3,D,4,서울,부산,327.9995
19,2021,추석,3,D,4,서울,부산,319.0333333333333
20,2021,추석,3,D,4,서울,부산,348.916
21,2021,추석,3,D,4,서울,부산,303.5
22,2021,추석,3,D,4,서울,부산,286.183
23,2021,추석,3,D,4,서울,부산,279.633
0,2021,추석,3,D+1,5,서울,부산,269.3
1,2021,추석,3,D+1,5,서울,부산,266.283
2,2021,추석,3,D+1,5,서울,부산,263.25
3,2021,추석,3,D+1,5,서울,부산,256.383
4,2021,추석,3,D+1,5,서울,부산,265.983
5,2021,추석,3,D+1,5,서울,부산,240.2995
6,2021,추석,3,D+1,5,서울,부산,237.783
7,2021,추석,3,D+1,5,서울,부산,268.016
8,2021,추석,3,D+1,5,서울,부산,242.083
9,2021,추석,3,D+1,5,서울,부산,248.358
10,2021,추석,3,D+1,5,서울,부산,247.9995
11,2021,추석,3,D+1,5,서울,부산,259.866
12,2021,추석,3,D+1,5,서울,부산,262.16633333333334
13,2021,추석,3,D+1,5,서울,부산,266.358
14,2021,추석,3,D+1,5,서울,부산,270.541
15,2021,추석,3,D+1,5,서울,부산,273.558
16,2021,추석,3,D+1,5,서울,부산,258.74966666666666
17,2021,추석,3,D+1,5,서울,부산,276.816
18,2021,추석,3,D+1,5,서울,부산,269.5415
19,2021,추석,3,D+1,5,서울,부산,267.333
20,2021,추석,3,D+1,5,서울,부산,250.208
21,2021,추석,3,D+1,5,서울,부산,277.483
22,2021,추석,3,D+1,5,서울,부산,270.683
23,2021,추석,3,D+1,5,서울,부산,263.866
0,2021,추석,3,D+2,6,서울,부산,225.483
5,2021,추석,3,D+2,6,서울,부산,
6,2021,추석,3,D+2,6,서울,부산,227.116
7,2021,추석,3,D+2,6,서울,부산,236.983
8,2021,추석,3,D+2,6,서울,부산,218.4
9,2021,추석,3,D+2,6,서울,부산,215.458
10,2021,추석,3,D+2,6,서울,부산,225.9495
11,2021,추석,3,D+2,6,서울,부산,236.3245
12,2021,추석,3,D+2,6,서울,부산,240.983
13,2021,추석,3,D+2,6,서울,부산,243.108
14,2021,추석,3,D+2,6,서울,부산,249.094
15,2021,추석,3,D+2,6,서울,부산,259.14966666666663
16,2021,추석,3,D+2,6,서울,부산,263.1665
17,2021,추석,3,D+2,6,서울,부산,243.616
18,2021,추석,3,D+2,6,서울,부산,254.216
19,2021,추석,3,D+2,6,서울,부산,256.516
20,2021,추석,3,D+2,6,서울,부산,258.8
21,2021,추석,3,D+2,6,서울,부산,265.433
22,2021,추석,3,D+2,6,서울,부산,300.65
0,2021,추석,3,D+3,7,서울,부산,233.333
1,2021,추석,3,D+3,7,서울,부산,293.716
2,2021,추석,3,D+3,7,서울,부산,281.9
3,2021,추석,3,D+3,7,서울,부산,270.1
4,2021,추석,3,D+3,7,서울,부산,258.283
5,2021,추석,3,D+3,7,서울,부산,246.466
6,2021,추석,3,D+3,7,서울,부산,253.183
7,2021,추석,3,D+3,7,서울,부산,266.566
8,2021,추석,3,D+3,7,서울,부산,269.316
9,2021,추석,3,D+3,7,서울,부산,266.5495
10,2021,추석,3,D+3,7,서울,부산,264.2165
11,2021,추석,3,D+3,7,서울,부산,269.641
12,2021,추석,3,D+3,7,서울,부산,271.266
13,2021,추석,3,D+3,7,서울,부산,266.3415
14,2021,추석,3,D+3,7,서울,부산,263.083
15,2021,추석,3,D+3,7,서울,부산,272.441
16,2021,추석,3,D+3,7,서울,부산,271.983
17,2021,추석,3,D+3,7,서울,부산,279.772
18,2021,추석,3,D+3,7,서울,부산,277.775
19,2021,추석,3,D+3,7,서울,부산,286.816
20,2021,추석,3,D+3,7,서울,부산,301.116
21,2021,추석,3,D+3,7,서울,부산,315.433
22,2021,추석,3,D+3,7,서울,부산,329.733
0,2022,연말연시,1,D,4,서울,부산,242.333
1,2022,연말연시,1,D,4,서울,부산,245.0665
2,2022,연말연시,1,D,4,서울,부산,241.8995
3,2022,연말연시,1,D,4,서울,부산,244.258
4,2022,연말연시,1,D,4,서울,부산,245.5745
5,2022,연말연시,1,D,4,서울,부산,250.333
6,2022,연말연시,1,D,4,서울,부산,252.0415
7,2022,연말연시,1,D,4,서울,부산,250.2745
8,2022,연말연시,1,D,4,서울,부산,248.5
9,2022,연말연시,1,D,4,서울,부산,255.833
10,2022,연말연시,1,D,4,서울,부산,260.1745
11,2022,연말연시,1,D,4,서울,부산,271.1995
12,2022,연말연시,1,D,4,서울,부산,266.6415
13,2022,연말연시,1,D,4,서울,부산,261.4415
14,2022,연말연시,1,D,4,서울,부산,258.508
15,2022,연말연시,1,D,4,서울,부산,269.475
16,2022,연말연시,1,D,4,서울,부산,271.608
17,2022,연말연시,1,D,4,서울,부산,270.766
18,2022,연말연시,1,D,4,서울,부산,270.3745
19,2022,연말연시,1,D,4,서울,부산,271.533
20,2022,연말연시,1,D,4,서울,부산,267.783
21,2022,연말연시,1,D,4,서울,부산,274.583
22,2022,연말연시,1,D,4,서울,부산,271.0
23,2022,연말연시,1,D,4,서울,부산,267.416
0,2022,연말연시,1,D+1,5,서울,부산,212.483
1,2022,연말연시,1,D+1,5,서울,부산,265.4995
2,2022,연말연시,1,D+1,5,서울,부산,255.2915
3,2022,연말연시,1,D+1,5,서울,부산,266.9915
4,2022,연말연시,1,D+1,5,서울,부산,278.683
5,2022,연말연시,1,D+1,5,서울,부산,290.3745
6,2022,연말연시,1,D+1,5,서울,부산,301.816
7,2022,연말연시,1,D+1,5,서울,부산,290.766
8,2022,연말연시,1,D+1,5,서울,부산,290.3665
9,2022,연말연시,1,D+1,5,서울,부산,282.183
10,2022,연말연시,1,D+1,5,서울,부산,269.4665
11,2022,연말연시,1,D+1,5,서울,부산,270.958
12,2022,연말연시,1,D+1,5,서울,부산,270.958
13,2022,연말연시,1,D+1,5,서울,부산,270.9495
14,2022,연말연시,1,D+1,5,서울,부산,266.033
15,2022,연말연시,1,D+1,5,서울,부산,263.8165
16,2022,연말연시,1,D+1,5,서울,부산,267.075
17,2022,연말연시,1,D+1,5,서울,부산,268.6665
18,2022,연말연시,1,D+1,5,서울,부산,265.283
19,2022,연말연시,1,D+1,5,서울,부산,258.9915
20,2022,연말연시,1,D+1,5,서울,부산,255.616
21,2022,연말연시,1,D+1,5,서울,부산,263.616
22,2022,연말연시,1,D+1,5,서울,부산,258.433
23,2022,연말연시,1,D+1,5,서울,부산,253.233
0,2022,연말연시,1,D+2,6,서울,부산,237.3
1,2022,연말연시,1,D+2,6,서울,부산,238.266
2,2022,연말연시,1,D+2,6,서울,부산,236.1915
3,2022,연말연시,1,D+2,6,서울,부산,244.566
4,2022,연말연시,1,D+2,6,서울,부산,243.1995
5,2022,연말연시,1,D+2,6,서울,부산,247.525
6,2022,연말연시,1,D+2,6,서울,부산,239.3
7,2022,연말연시,1,D+2,6,서울,부산,274.85
8,2022,연말연시,1,D+2,6,서울,부산,262.45
9,2022,연말연시,1,D+2,6,서울,부산,265.9245
10,2022,연말연시,1,D+2,6,서울,부산,280.066
11,2022,연말연시,1,D+2,6,서울,부산,271.8245
12,2022,연말연시,1,D+2,6,서울,부산,274.6245
13,2022,연말연시,1,D+2,6,서울,부산,264.5415
14,2022,연말연시,1,D+2,6,서울,부산,263.1495
15,2022,연말연시,1,D+2,6,서울,부산,271.7745
16,2022,연말연시,1,D+2,6,서울,부산,260.11633333333333
17,2022,연말연시,1,D+2,6,서울,부산,274.1165
18,2022,연말연시,1,D+2,6,서울,부산,264.483
19,2022,연말연시,1,D+2,6,서울,부산,266.033
20,2022,연말연시,1,D+2,6,서울,부산,263.158
21,2022,연말연시,1,D+2,6,서울,부산,271.833
22,2022,연말연시,1,D+2,6,서울,부산,275.333
0,2022,연말연시,1,D+3,7,서울,부산,227.5
1,2022,연말연시,1,D+3,7,서울,부산,198.65
2,2022,연말연시,1,D+3,7,서울,부산,203.4
3,2022,연말연시,1,D+3,7,서울,부산,279.8415
4,2022,연말연시,1,D+3,7,서울,부산,213.116
5,2022,연말연시,1,D+3,7,서울,부산,
6,2022,연말연시,1,D+3,7,서울,부산,319.866
9,2022,연말연시,1,D+3,7,서울,부산,312.2443333333333
10,2022,연말연시,1,D+3,7,서울,부산,290.95
11,2022,연말연시,1,D+3,7,서울,부산,304.658
12,2022,연말연시,1,D+3,7,서울,부산,281.933
13,2022,연말연시,1,D+3,7,서울,부산,256.5665
14,2022,연말연시,1,D+3,7,서울,부산,270.033
15,2022,연말연시,1,D+3,7,서울,부산,253.51066666666665
16,2022,연말연시,1,D+3,7,서울,부산,259.52733333333333
17,2022,연말연시,1,D+3,7,서울,부산,255.56066666666663
18,2022,연말연시,1,D+3,7,서울,부산,257.3665
19,2022,연말연시,1,D+3,7,서울,부산,247.36066666666665
20,2022,연말연시,1,D+3,7,서울,부산,249.483
21,2022,연말연시,1,D+3,7,서울,부산,249.5
22,2022,연말연시,1,D+3,7,서울,부산,256.033
23,2022,연말연시,1,D+3,7,서울,부산,253.433
0,2022,설날,2,D-3,1,서울,부산,303.3415
1,2022,설날,2,D-3,1,서울,부산,290.8995
2,2022,설날,2,D-3,1,서울,부산,274.8665
3,2022,설날,2,D-3,1,서울,부산,268.308
4,2022,설날,2,D-3,1,서울,부산,265.558
5,2022,설날,2,D-3,1,서울,부산,264.691
6,2022,설날,2,D-3,1,서울,부산,295.983
7,2022,설날,2,D-3,1,서울,부산,265.441
8,2022,설날,2,D-3,1,서울,부산,277.4495
9,2022,설날,2,D-3,1,서울,부산,306.822
10,2022,설날,2,D-3,1,서울,부산,296.5443333333333
11,2022,설날,2,D-3,1,서울,부산,305.161
12,2022,설날,2,D-3,1,서울,부산,313.2495
13,2022,설날,2,D-3,1,서울,부산,309.508
14,2022,설날,2,D-3,1,서울,부산,326.1995
15,2022,설날,2,D-3,1,서울,부산,328.64975
16,2022,설날,2,D-3,1,서울,부산,315.8915
17,2022,설날,2,D-3,1,서울,부산,326.09125
18,2022,설날,2,D-3,1,서울,부산,296.55
19,2022,설날,2,D-3,1,서울,부산,288.766
20,2022,설날,2,D-3,1,서울,부산,302.5553333333333
21,2022,설날,2,D-3,1,서울,부산,297.816
22,2022,설날,2,D-3,1,서울,부산,290.55
23,2022,설날,2,D-3,1,서울,부산,322.708
0,2022,설날,2,D-2,2,서울,부산,246.73266666666663
1,2022,설날,2,D-2,2,서울,부산,245.28866666666664
2,2022,설날,2,D-2,2,서울,부산,251.38833333333332
3,2022,설날,2,D-2,2,서울,부산,265.6165
4,2022,설날,2,D-2,2,서울,부산,263.2495
5,2022,설날,2,D-2,2,서울,부산,266.4745
6,2022,설날,2,D-2,2,서울,부산,278.32733333333334
7,2022,설날,2,D-2,2,서울,부산,274.558
8,2022,설날,2,D-2,2,서울,부산,275.8
9,2022,설날,2,D-2,2,서울,부산,284.1915
10,2022,설날,2,D-2,2,서울,부산,284.108
11,2022,설날,2,D-2,2,서울,부산,295.461
12,2022,설날,2,D-2,2,서울,부산,316.575
13,2022,설날,2,D-2,2,서울,부산,316.7245
14,2022,설날,2,D-2,2,서울,부산,326.675
15,2022,설날,2,D-2,2,서울,부산,328.7665
16,2022,설날,2,D-2,2,서울,부산,331.441
17,2022,설날,2,D-2,2,서울,부산,337.041
18,2022,설날,2,D-2,2,서울,부산,330.183
19,2022,설날,2,D-2,2,서울,부산,330.158
20,2022,설날,2,D-2,2,서울,부산,321.933
21,2022,설날,2,D-2,2,서울,부산,351.2
22,2022,설날,2,D-2,2,서울,부산,347.566
23,2022,설날,2,D-2,2,서울,부산,331.3
0,2022,설날,2,D-1,3,서울,부산,254.6245
1,2022,설날,2,D-1,3,서울,부산,252.433
2,2022,설날,2,D-1,3,서울,부산,299.22766666666666
3,2022,설날,2,D-1,3,서울,부산,246.1415
4,2022,설날,2,D-1,3,서울,부산,242.716
5,2022,설날,2,D-1,3,서울,부산,245.508
6,2022,설날,2,D-1,3,서울,부산,249.708
7,2022,설날,2,D-1,3,서울,부산,253.1915
8,2022,설날,2,D-1,3,서울,부산,256.8415
9,2022,설날,2,D-1,3,서울,부산,264.791
10,2022,설날,2,D-1,3,서울,부산,276.933
11,2022,설날,2,D-1,3,서울,부산,280.9495
12,2022,설날,2,D-1,3,서울,부산,271.7745
13,2022,설날,2,D-1,3,서울,부산,282.7415
14,2022,설날,2,D-1,3,서울,부산,282.558
15,2022,설날,2,D-1,3,서울,부산,278.3745
16,2022,설날,2,D-1,3,서울,부산,274.158
17,2022,설날,2,D-1,3,서울,부산,277.9745
18,2022,설날,2,D-1,3,서울,부산,280.275
19,2022,설날,2,D-1,3,서울,부산,280.083
20,2022,설날,2,D-1,3,서울,부산,258.25
21,2022,설날,2,D-1,3,서울,부산,254.316
22,2022,설날,2,D-1,3,서울,부산,257.216
23,2022,설날,2,D-1,3,서울,부산,261.233
0,2022,설날,2,D,4,서울,부산,246.766
1,2022,설날,2,D,4,서울,부산,279.083
2,2022,설날,2,D,4,서울,부산,285.45
3,2022,설날,2,D,4,서울,부산,283.691
4,2022,설날,2,D,4,서울,부산,284.5995
5,2022,설날,2,D,4,서울,부산,284.5245
6,2022,설날,2,D,4,서울,부산,284.4415
7,2022,설날,2,D,4,서울,부산,279.033
8,2022,설날,2,D,4,서울,부산,278.35
9,2022,설날,2,D,4,서울,부산,273.941
10,2022,설날,2,D,4,서울,부산,281.0915
11,2022,설날,2,D,4,서울,부산,286.8
12,2022,설날,2,D,4,서울,부산,292.833
13,2022,설날,2,D,4,서울,부산,298.64966666666663
14,2022,설날,2,D,4,서울,부산,291.2415
15,2022,설날,2,D,4,서울,부산,284.716
16,2022,설날,2,D,4,서울,부산,284.375
17,2022,설날,2,D,4,서울,부산,280.7165
18,2022,설날,2,D,4,서울,부산,295.322
19,2022,설날,2,D,4,서울,부산,311.5
20,2022,설날,2,D,4,서울,부산,288.966
21,2022,설날,2,D,4,서울,부산,269.216
22,2022,설날,2,D,4,서울,부산,262.85
23,2022,설날,2,D,4,서울,부산,279.15
0,2022,설날,2,D+1,5,서울,부산,237.55
1,2022,설날,2,D+1,5,서울,부산,244.233
2,2022,설날,2,D+1,5,서울,부산,
3,2022,설날,2,D+1,5,서울,부산,
6,2022,설날,2,D+1,5,서울,부산,243.2
7,2022,설날,2,D+1,5,서울,부산,235.2
8,2022,설날,2,D+1,5,서울,부산,239.133
9,2022,설날,2,D+1,5,서울,부산,257.86066666666665
10,2022,설날,2,D+1,5,서울,부산,329.65375
11,2022,설날,2,D+1,5,서울,부산,420.17075
12,2022,설날,2,D+1,5,서울,부산,438.2053333333333
13,2022,설날,2,D+1,5,서울,부산,415.8666666666666
14,2022,설날,2,D+1,5,서울,부산,400.4443333333333
15,2022,설날,2,D+1,5,서울,부산,382.333
16,2022,설날,2,D+1,5,서울,부산,359.03866666666664
17,2022,설날,2,D+1,5,서울,부산,270.6745
18,2022,설날,2,D+1,5,서울,부산,266.533
19,2022,설날,2,D+1,5,서울,부산,262.3745
20,2022,설날,2,D+1,5,서울,부산,265.783
21,2022,설날,2,D+1,5,서울,부산,261.25
22,2022,설날,2,D+1,5,서울,부산,248.633
0,2022,설날,2,D+2,6,서울,부산,324.066
4,2022,설날,2,D+2,6,서울,부산,286.883
5,2022,설날,2,D+2,6,서울,부산,285.1
6,2022,설날,2,D+2,6,서울,부산,284.25
7,2022,설날,2,D+2,6,서울,부산,286.183
8,2022,설날,2,D+2,6,서울,부산,287.508
9,2022,설날,2,D+2,6,서울,부산,288.3053333333333
10,2022,설날,2,D+2,6,서울,부산,288.3415
11,2022,설날,2,D+2,6,서울,부산,282.525
12,2022,설날,2,D+2,6,서울,부산,268.9053333333333
13,2022,설날,2,D+2,6,서울,부산,256.88866666666667
14,2022,설날,2,D+2,6,서울,부산,286.85825
15,2022,설날,2,D+2,6,서울,부산,252.133
16,2022,설날,2,D+2,6,서울,부산,257.07766666666663
17,2022,설날,2,D+2,6,서울,부산,248.95533333333333
18,2022,설날,2,D+2,6,서울,부산,260.816
19,2022,설날,2,D+2,6,서울,부산,238.258
20,2022,설날,2,D+2,6,서울,부산,241.4
21,2022,설날,2,D+2,6,서울,부산,244.6
0,2022,설날,2,D+3,7,서울,부산,
1,2022,설날,2,D+3,7,서울,부산,222.166
2,2022,설날,2,D+3,7,서울,부산,234.6663333333333
3,2022,설날,2,D+3,7,서울,부산,218.7415
4,2022,설날,2,D+3,7,서울,부산,222.3995
5,2022,설날,2,D+3,7,서울,부산,252.133
6,2022,설날,2,D+3,7,서울,부산,238.411
7,2022,설날,2,D+3,7,서울,부산,234.608
8,2022,설날,2,D+3,7,서울,부산,240.341
9,2022,설날,2,D+3,7,서울,부산,245.6495
10,2022,설날,2,D+3,7,서울,부산,255.572
11,2022,설날,2,D+3,7,서울,부산,259.291
12,2022,설날,2,D+3,7,서울,부산,258.208
13,2022,설날,2,D+3,7,서울,부산,266.058
14,2022,설날,2,D+3,7,서울,부산,265.0495
15,2022,설날,2,D+3,7,서울,부산,259.366
16,2022,설날,2,D+3,7,서울,부산,260.183
17,2022,설날,2,D+3,7,서울,부산,267.908
18,2022,설날,2,D+3,7,서울,부산,267.3495
19,2022,설날,2,D+3,7,서울,부산,265.2665
20,2022,설날,2,D+3,7,서울,부산,271.666
21,2022,설날,2,D+3,7,서울,부산,270.85
22,2022,설날,2,D+3,7,서울,부산,270.016
23,2022,설날,2,D+3,7,서울,부산,262.616
