,연도,날짜,시간,연휴,추석기준,연휴길이,출발지,도착지,소요시간(분),요일,구분
0,2017,2017-10-01,0.0,추석,D-3,1.0,서울,부산,274.466,일,연휴
1,2017,2017-10-01,1.0,추석,D-3,1.0,서울,부산,260.141,일,연휴
2,2017,2017-10-01,2.0,추석,D-3,1.0,서울,부산,269.225,일,연휴
3,2017,2017-10-01,3.0,추석,D-3,1.0,서울,부산,263.72166666666664,일,연휴
4,2017,2017-10-01,4.0,추석,D-3,1.0,서울,부산,264.08866666666665,일,연휴
5,2017,2017-10-01,5.0,추석,D-3,1.0,서울,부산,262.533,일,연휴
6,2017,2017-10-01,6.0,추석,D-3,1.0,서울,부산,277.833,일,연휴
7,2017,2017-10-01,7.0,추석,D-3,1.0,서울,부산,275.887,일,연휴
8,2017,2017-10-01,8.0,추석,D-3,1.0,서울,부산,281.772,일,연휴
9,2017,2017-10-01,9.0,추석,D-3,1.0,서울,부산,282.09975,일,연휴
10,2017,2017-10-01,10.0,추석,D-3,1.0,서울,부산,292.0553333333333,일,연휴
11,2017,2017-10-01,11.0,추석,D-3,1.0,서울,부산,287.99966666666666,일,연휴
12,2017,2017-10-01,12.0,추석,D-3,1.0,서울,부산,289.82733333333334,일,연휴
13,2017,2017-10-01,13.0,추석,D-3,1.0,서울,부산,314.9443333333333,일,연휴
14,2017,2017-10-01,14.0,추석,D-3,1.0,서울,부산,294.244,일,연휴
15,2017,2017-10-01,15.0,추석,D-3,1.0,서울,부산,303.355,일,연휴
16,2017,2017-10-01,16.0,추석,D-3,1.0,서울,부산,340.43333333333334,일,연휴
17,2017,2017-10-01,17.0,추석,D-3,1.0,서울,부산,320.0245,일,연휴
18,2017,2017-10-01,18.0,추석,D-3,1.0,서울,부산,313.2995,일,연휴
19,2017,2017-10-01,19.0,추석,D-3,1.0,서울,부산,307.9665,일,연휴
20,2017,2017-10-01,20.0,추석,D-3,1.0,서울,부산,329.766,일,연휴
21,2017,2017-10-01,21.0,추석,D-3,1.0,서울,부산,325.933,일,연휴
22,2017,2017-10-01,22.0,추석,D-3,1.0,서울,부산,325.433,일,연휴
23,2017,2017-10-01,23.0,추석,D-3,1.0,서울,부산,357.258,일,연휴
24,2017,2017-10-02,0.0,추석,D-2,2.0,서울,부산,298.683,월,평일
25,2017,2017-10-02,1.0,추석,D-2,2.0,서울,부산,297.883,월,평일
26,2017,2017-10-02,2.0,추석,D-2,2.0,서울,부산,288.466,월,평일
27,2017,2017-10-02,3.0,추석,D-2,2.0,서울,부산,292.008,월,평일
28,2017,2017-10-02,4.0,추석,D-2,2.0,서울,부산,279.2995,월,평일
29,2017,2017-10-02,5.0,추석,D-2,2.0,서울,부산,275.3495,월,평일
30,2017,2017-10-02,6.0,추석,D-2,2.0,서울,부산,279.558,월,평일
31,2017,2017-10-02,7.0,추석,D-2,2.0,서울,부산,359.7606666666666,월,평일
32,2017,2017-10-02,8.0,추석,D-2,2.0,서울,부산,348.2273333333333,월,평일
33,2017,2017-10-02,9.0,추석,D-2,2.0,서울,부산,349.472,월,평일
34,2017,2017-10-02,10.0,추석,D-2,2.0,서울,부산,345.9216666666666,월,평일
35,2017,2017-10-02,11.0,추석,D-2,2.0,서울,부산,351.744,월,평일
36,2017,2017-10-02,12.0,추석,D-2,2.0,서울,부산,367.872,월,평일
37,2017,2017-10-02,13.0,추석,D-2,2.0,서울,부산,379.672,월,평일
38,2017,2017-10-02,14.0,추석,D-2,2.0,서울,부산,389.3663333333333,월,평일
39,2017,2017-10-02,15.0,추석,D-2,2.0,서울,부산,370.208,월,평일
40,2017,2017-10-02,16.0,추석,D-2,2.0,서울,부산,374.333,월,평일
41,2017,2017-10-02,17.0,추석,D-2,2.0,서울,부산,380.972,월,평일
42,2017,2017-10-02,18.0,추석,D-2,2.0,서울,부산,360.683,월,평일
43,2017,2017-10-02,19.0,추석,D-2,2.0,서울,부산,372.316,월,평일
44,2017,2017-10-02,20.0,추석,D-2,2.0,서울,부산,425.008,월,평일
45,2017,2017-10-02,21.0,추석,D-2,2.0,서울,부산,416.983,월,평일
46,2017,2017-10-02,22.0,추석,D-2,2.0,서울,부산,418.633,월,평일
47,2017,2017-10-02,23.0,추석,D-2,2.0,서울,부산,465.733,월,평일
48,2017,2017-10-03,0.0,추석,D-1,3.0,서울,부산,355.14975,화,연휴
49,2017,2017-10-03,1.0,추석,D-1,3.0,서울,부산,338.23725,화,연휴
50,2017,2017-10-03,2.0,추석,D-1,3.0,서울,부산,332.09433333333334,화,연휴
51,2017,2017-10-03,3.0,추석,D-1,3.0,서울,부산,321.93725,화,연휴
52,2017,2017-10-03,4.0,추석,D-1,3.0,서울,부산,319.12025,화,연휴
53,2017,2017-10-03,5.0,추석,D-1,3.0,서울,부산,312.7915,화,연휴
54,2017,2017-10-03,6.0,추석,D-1,3.0,서울,부산,353.29966666666667,화,연휴
55,2017,2017-10-03,7.0,추석,D-1,3.0,서울,부산,365.47875,화,연휴
56,2017,2017-10-03,8.0,추석,D-1,3.0,서울,부산,359.4053333333333,화,연휴
57,2017,2017-10-03,9.0,추석,D-1,3.0,서울,부산,371.22733333333326,화,연휴
58,2017,2017-10-03,10.0,추석,D-1,3.0,서울,부산,409.037,화,연휴
59,2017,2017-10-03,11.0,추석,D-1,3.0,서울,부산,431.694,화,연휴
60,2017,2017-10-03,12.0,추석,D-1,3.0,서울,부산,430.4666666666666,화,연휴
61,2017,2017-10-03,13.0,추석,D-1,3.0,서울,부산,424.9886666666666,화,연휴
62,2017,2017-10-03,14.0,추석,D-1,3.0,서울,부산,419.583,화,연휴
63,2017,2017-10-03,15.0,추석,D-1,3.0,서울,부산,419.872,화,연휴
64,2017,2017-10-03,16.0,추석,D-1,3.0,서울,부산,424.7606666666666,화,연휴
65,2017,2017-10-03,17.0,추석,D-1,3.0,서울,부산,413.6995,화,연휴
66,2017,2017-10-03,18.0,추석,D-1,3.0,서울,부산,399.408,화,연휴
67,2017,2017-10-03,19.0,추석,D-1,3.0,서울,부산,425.5106666666666,화,연휴
68,2017,2017-10-03,20.0,추석,D-1,3.0,서울,부산,459.525,화,연휴
69,2017,2017-10-03,21.0,추석,D-1,3.0,서울,부산,424.825,화,연휴
70,2017,2017-10-03,22.0,추석,D-1,3.0,서울,부산,362.25,화,연휴
71,2017,2017-10-03,23.0,추석,D-1,3.0,서울,부산,353.05,화,연휴
72,2017,2017-10-04,0.0,추석,D,4.0,서울,부산,311.8495,수,연휴
73,2017,2017-10-04,1.0,추석,D,4.0,서울,부산,289.92875,수,연휴
74,2017,2017-10-04,2.0,추석,D,4.0,서울,부산,293.27075,수,연휴
75,2017,2017-10-04,3.0,추석,D,4.0,서울,부산,282.8883333333333,수,연휴
76,2017,2017-10-04,4.0,추석,D,4.0,서울,부산,273.272,수,연휴
77,2017,2017-10-04,5.0,추석,D,4.0,서울,부산,267.57733333333334,수,연휴
78,2017,2017-10-04,6.0,추석,D,4.0,서울,부산,297.5553333333333,수,연휴
79,2017,2017-10-04,7.0,추석,D,4.0,서울,부산,320.155,수,연휴
80,2017,2017-10-04,8.0,추석,D,4.0,서울,부산,357.37766666666664,수,연휴
81,2017,2017-10-04,9.0,추석,D,4.0,서울,부산,386.544,수,연휴
82,2017,2017-10-04,10.0,추석,D,4.0,서울,부산,366.766,수,연휴
83,2017,2017-10-04,11.0,추석,D,4.0,서울,부산,390.741,수,연휴
84,2017,2017-10-04,12.0,추석,D,4.0,서울,부산,412.325,수,연휴
85,2017,2017-10-04,13.0,추석,D,4.0,서울,부산,434.0915,수,연휴
86,2017,2017-10-04,14.0,추석,D,4.0,서울,부산,446.883,수,연휴
87,2017,2017-10-04,15.0,추석,D,4.0,서울,부산,470.2773333333333,수,연휴
88,2017,2017-10-04,16.0,추석,D,4.0,서울,부산,435.0245,수,연휴
89,2017,2017-10-04,17.0,추석,D,4.0,서울,부산,441.425,수,연휴
90,2017,2017-10-04,18.0,추석,D,4.0,서울,부산,460.3,수,연휴
91,2017,2017-10-04,19.0,추석,D,4.0,서울,부산,500.483,수,연휴
92,2017,2017-10-04,20.0,추석,D,4.0,서울,부산,527.483,수,연휴
93,2017,2017-10-04,21.0,추석,D,4.0,서울,부산,515.916,수,연휴
94,2017,2017-10-04,22.0,추석,D,4.0,서울,부산,538.65,수,연휴
95,2017,2017-10-04,23.0,추석,D,4.0,서울,부산,529.5495,수,연휴
96,2017,2017-10-05,0.0,추석,D+1,5.0,서울,부산,360.06066666666663,목,연휴
97,2017,2017-10-05,1.0,추석,D+1,5.0,서울,부산,315.425,목,연휴
98,2017,2017-10-05,2.0,추석,D+1,5.0,서울,부산,311.708,목,연휴
99,2017,2017-10-05,3.0,추석,D+1,5.0,서울,부산,307.408,목,연휴
100,2017,2017-10-05,4.0,추석,D+1,5.0,서울,부산,294.9495,목,연휴
101,2017,2017-10-05,5.0,추석,D+1,5.0,서울,부산,286.56066666666663,목,연휴
102,2017,2017-10-05,6.0,추석,D+1,5.0,서울,부산,315.06066666666663,목,연휴
103,2017,2017-10-05,7.0,추석,D+1,5.0,서울,부산,345.8553333333333,목,연휴
104,2017,2017-10-05,8.0,추석,D+1,5.0,서울,부산,378.994,목,연휴
105,2017,2017-10-05,9.0,추석,D+1,5.0,서울,부산,415.1886666666666,목,연휴
106,2017,2017-10-05,10.0,추석,D+1,5.0,서울,부산,342.31666666666666,목,연휴
107,2017,2017-10-05,11.0,추석,D+1,5.0,서울,부산,374.758,목,연휴
108,2017,2017-10-05,12.0,추석,D+1,5.0,서울,부산,392.0995,목,연휴
109,2017,2017-10-05,13.0,추석,D+1,5.0,서울,부산,402.85,목,연휴
110,2017,2017-10-05,14.0,추석,D+1,5.0,서울,부산,405.4,목,연휴
111,2017,2017-10-05,15.0,추석,D+1,5.0,서울,부산,419.758,목,연휴
112,2017,2017-10-05,16.0,추석,D+1,5.0,서울,부산,421.4995,목,연휴
113,2017,2017-10-05,17.0,추석,D+1,5.0,서울,부산,384.9886666666666,목,연휴
114,2017,2017-10-05,18.0,추석,D+1,5.0,서울,부산,474.8276666666666,목,연휴
115,2017,2017-10-05,19.0,추석,D+1,5.0,서울,부산,497.358,목,연휴
116,2017,2017-10-05,20.0,추석,D+1,5.0,서울,부산,463.083,목,연휴
117,2017,2017-10-05,21.0,추석,D+1,5.0,서울,부산,434.508,목,연휴
118,2017,2017-10-05,22.0,추석,D+1,5.0,서울,부산,400.958,목,연휴
119,2017,2017-10-05,23.0,추석,D+1,5.0,서울,부산,454.3,목,연휴
120,2017,2017-10-06,0.0,추석,D+2,6.0,서울,부산,339.741,금,평일
121,2017,2017-10-06,1.0,추석,D+2,6.0,서울,부산,314.875,금,평일
122,2017,2017-10-06,2.0,추석,D+2,6.0,서울,부산,304.725,금,평일
123,2017,2017-10-06,3.0,추석,D+2,6.0,서울,부산,297.383,금,평일
124,2017,2017-10-06,4.0,추석,D+2,6.0,서울,부산,291.8165,금,평일
125,2017,2017-10-06,5.0,추석,D+2,6.0,서울,부산,281.472,금,평일
126,2017,2017-10-06,6.0,추석,D+2,6.0,서울,부산,301.1245,금,평일
127,2017,2017-10-06,7.0,추석,D+2,6.0,서울,부산,297.7245,금,평일
128,2017,2017-10-06,8.0,추석,D+2,6.0,서울,부산,288.941,금,평일
129,2017,2017-10-06,9.0,추석,D+2,6.0,서울,부산,274.922,금,평일
130,2017,2017-10-06,10.0,추석,D+2,6.0,서울,부산,291.083,금,평일
131,2017,2017-10-06,11.0,추석,D+2,6.0,서울,부산,294.875,금,평일
132,2017,2017-10-06,12.0,추석,D+2,6.0,서울,부산,302.1943333333333,금,평일
133,2017,2017-10-06,13.0,추석,D+2,6.0,서울,부산,301.6165,금,평일
134,2017,2017-10-06,14.0,추석,D+2,6.0,서울,부산,301.7745,금,평일
135,2017,2017-10-06,15.0,추석,D+2,6.0,서울,부산,298.408,금,평일
136,2017,2017-10-06,16.0,추석,D+2,6.0,서울,부산,294.608,금,평일
137,2017,2017-10-06,17.0,추석,D+2,6.0,서울,부산,302.5106666666666,금,평일
138,2017,2017-10-06,18.0,추석,D+2,6.0,서울,부산,302.0245,금,평일
139,2017,2017-10-06,19.0,추석,D+2,6.0,서울,부산,292.0245,금,평일
140,2017,2017-10-06,20.0,추석,D+2,6.0,서울,부산,298.866,금,평일
141,2017,2017-10-06,21.0,추석,D+2,6.0,서울,부산,305.4,금,평일
142,2017,2017-10-06,22.0,추석,D+2,6.0,서울,부산,295.366,금,평일
143,2017,2017-10-06,23.0,추석,D+2,6.0,서울,부산,283.5,금,평일
144,2017,2017-10-07,0.0,추석,D+3,7.0,서울,부산,265.266,토,주말
145,2017,2017-10-07,1.0,추석,D+3,7.0,서울,부산,251.966,토,주말
146,2017,2017-10-07,2.0,추석,D+3,7.0,서울,부산,254.2,토,주말
147,2017,2017-10-07,3.0,추석,D+3,7.0,서울,부산,269.133,토,주말
148,2017,2017-10-07,4.0,추석,D+3,7.0,서울,부산,270.625,토,주말
149,2017,2017-10-07,5.0,추석,D+3,7.0,서울,부산,286.64966666666663,토,주말
150,2017,2017-10-07,6.0,추석,D+3,7.0,서울,부산,285.7495,토,주말
151,2017,2017-10-07,7.0,추석,D+3,7.0,서울,부산,292.6665,토,주말
152,2017,2017-10-07,8.0,추석,D+3,7.0,서울,부산,291.0995,토,주말
153,2017,2017-10-07,9.0,추석,D+3,7.0,서울,부산,285.1165,토,주말
154,2017,2017-10-07,10.0,추석,D+3,7.0,서울,부산,276.2,토,주말
155,2017,2017-10-07,11.0,추석,D+3,7.0,서울,부산,279.9915,토,주말
156,2017,2017-10-07,12.0,추석,D+3,7.0,서울,부산,281.6915,토,주말
157,2017,2017-10-07,13.0,추석,D+3,7.0,서울,부산,295.544,토,주말
158,2017,2017-10-07,14.0,추석,D+3,7.0,서울,부산,281.1,토,주말
159,2017,2017-10-07,15.0,추석,D+3,7.0,서울,부산,283.8415,토,주말
160,2017,2017-10-07,16.0,추석,D+3,7.0,서울,부산,284.283,토,주말
161,2017,2017-10-07,17.0,추석,D+3,7.0,서울,부산,279.3495,토,주말
162,2017,2017-10-07,18.0,추석,D+3,7.0,서울,부산,274.825,토,주말
163,2017,2017-10-07,19.0,추석,D+3,7.0,서울,부산,283.20533333333333,토,주말
164,2017,2017-10-07,20.0,추석,D+3,7.0,서울,부산,259.2665,토,주말
165,2017,2017-10-07,21.0,추석,D+3,7.0,서울,부산,286.433,토,주말
166,2017,2017-10-07,22.0,추석,D+3,7.0,서울,부산,279.05,토,주말
167,2017,2017-10-07,23.0,추석,D+3,7.0,서울,부산,259.75,토,주말
168,2018,2018-09-21,0.0,추석,D-3,1.0,서울,부산,214.2245,금,평일
169,2018,2018-09-21,1.0,추석,D-3,1.0,서울,부산,217.708,금,평일
170,2018,2018-09-21,2.0,추석,D-3,1.0,서울,부산,220.658,금,평일
171,2018,2018-09-21,3.0,추석,D-3,1.0,서울,부산,235.333,금,평일
172,2018,2018-09-21,4.0,추석,D-3,1.0,서울,부산,248.283,금,평일
173,2018,2018-09-21,5.0,추석,D-3,1.0,서울,부산,259.5443333333333,금,평일
174,2018,2018-09-21,6.0,추석,D-3,1.0,서울,부산,260.383,금,평일
175,2018,2018-09-21,7.0,추석,D-3,1.0,서울,부산,272.3915,금,평일
176,2018,2018-09-21,8.0,추석,D-3,1.0,서울,부산,276.5745,금,평일
177,2018,2018-09-21,9.0,추석,D-3,1.0,서울,부산,276.158,금,평일
178,2018,2018-09-21,10.0,추석,D-3,1.0,서울,부산,282.8496666666666,금,평일
179,2018,2018-09-21,11.0,추석,D-3,1.0,서울,부산,289.2,금,평일
180,2018,2018-09-21,12.0,추석,D-3,1.0,서울,부산,301.405,금,평일
181,2018,2018-09-21,13.0,추석,D-3,1.0,서울,부산,303.208,금,평일
182,2018,2018-09-21,14.0,추석,D-3,1.0,서울,부산,304.6245,금,평일
183,2018,2018-09-21,15.0,추석,D-3,1.0,서울,부산,312.416,금,평일
184,2018,2018-09-21,16.0,추석,D-3,1.0,서울,부산,308.133,금,평일
185,2018,2018-09-21,17.0,추석,D-3,1.0,서울,부산,306.6886666666666,금,평일
186,2018,2018-09-21,18.0,추석,D-3,1.0,서울,부산,305.2245,금,평일
187,2018,2018-09-21,19.0,추석,D-3,1.0,서울,부산,298.6165,금,평일
188,2018,2018-09-21,20.0,추석,D-3,1.0,서울,부산,287.3245,금,평일
189,2018,2018-09-21,21.0,추석,D-3,1.0,서울,부산,309.766,금,평일
190,2018,2018-09-21,22.0,추석,D-3,1.0,서울,부산,321.2,금,평일
191,2018,2018-09-21,23.0,추석,D-3,1.0,서울,부산,301.883,금,평일
192,2018,2018-09-22,0.0,추석,D-2,2.0,서울,부산,289.7415,토,주말
193,2018,2018-09-22,1.0,추석,D-2,2.0,서울,부산,286.35,토,주말
194,2018,2018-09-22,2.0,추석,D-2,2.0,서울,부산,287.191,토,주말
195,2018,2018-09-22,3.0,추석,D-2,2.0,서울,부산,285.833,토,주말
196,2018,2018-09-22,4.0,추석,D-2,2.0,서울,부산,323.86633333333333,토,주말
197,2018,2018-09-22,5.0,추석,D-2,2.0,서울,부산,282.8415,토,주말
198,2018,2018-09-22,6.0,추석,D-2,2.0,서울,부산,329.07733333333334,토,주말
199,2018,2018-09-22,7.0,추석,D-2,2.0,서울,부산,338.733,토,주말
200,2018,2018-09-22,8.0,추석,D-2,2.0,서울,부산,331.733,토,주말
201,2018,2018-09-22,9.0,추석,D-2,2.0,서울,부산,350.0663333333333,토,주말
202,2018,2018-09-22,10.0,추석,D-2,2.0,서울,부산,349.5245,토,주말
203,2018,2018-09-22,11.0,추석,D-2,2.0,서울,부산,375.7163333333333,토,주말
204,2018,2018-09-22,12.0,추석,D-2,2.0,서울,부산,378.194,토,주말
205,2018,2018-09-22,13.0,추석,D-2,2.0,서울,부산,375.594,토,주말
206,2018,2018-09-22,14.0,추석,D-2,2.0,서울,부산,376.7886666666666,토,주말
207,2018,2018-09-22,15.0,추석,D-2,2.0,서울,부산,368.8496666666666,토,주말
208,2018,2018-09-22,16.0,추석,D-2,2.0,서울,부산,367.3995,토,주말
209,2018,2018-09-22,17.0,추석,D-2,2.0,서울,부산,369.533,토,주말
210,2018,2018-09-22,18.0,추석,D-2,2.0,서울,부산,365.733,토,주말
211,2018,2018-09-22,19.0,추석,D-2,2.0,서울,부산,323.233,토,주말
212,2018,2018-09-22,20.0,추석,D-2,2.0,서울,부산,379.933,토,주말
213,2018,2018-09-22,21.0,추석,D-2,2.0,서울,부산,360.316,토,주말
214,2018,2018-09-22,22.0,추석,D-2,2.0,서울,부산,340.316,토,주말
215,2018,2018-09-22,23.0,추석,D-2,2.0,서울,부산,295.4665,토,주말
216,2018,2018-09-23,0.0,추석,D-1,3.0,서울,부산,374.6163333333333,일,연휴
217,2018,2018-09-23,1.0,추석,D-1,3.0,서울,부산,365.42733333333325,일,연휴
218,2018,2018-09-23,2.0,추석,D-1,3.0,서울,부산,350.572,일,연휴
219,2018,2018-09-23,3.0,추석,D-1,3.0,서울,부산,333.5883333333333,일,연휴
220,2018,2018-09-23,4.0,추석,D-1,3.0,서울,부산,316.2663333333333,일,연휴
221,2018,2018-09-23,5.0,추석,D-1,3.0,서울,부산,332.011,일,연휴
222,2018,2018-09-23,6.0,추석,D-1,3.0,서울,부산,337.8163333333333,일,연휴
223,2018,2018-09-23,7.0,추석,D-1,3.0,서울,부산,311.6773333333333,일,연휴
224,2018,2018-09-23,8.0,추석,D-1,3.0,서울,부산,313.73866666666663,일,연휴
225,2018,2018-09-23,9.0,추석,D-1,3.0,서울,부산,338.572,일,연휴
226,2018,2018-09-23,10.0,추석,D-1,3.0,서울,부산,350.2606666666666,일,연휴
227,2018,2018-09-23,11.0,추석,D-1,3.0,서울,부산,370.6663333333333,일,연휴
228,2018,2018-09-23,12.0,추석,D-1,3.0,서울,부산,379.083,일,연휴
229,2018,2018-09-23,13.0,추석,D-1,3.0,서울,부산,391.783,일,연휴
230,2018,2018-09-23,14.0,추석,D-1,3.0,서울,부산,344.77733333333333,일,연휴
231,2018,2018-09-23,15.0,추석,D-1,3.0,서울,부산,341.6383333333333,일,연휴
232,2018,2018-09-23,16.0,추석,D-1,3.0,서울,부산,341.511,일,연휴
233,2018,2018-09-23,17.0,추석,D-1,3.0,서울,부산,344.8495,일,연휴
234,2018,2018-09-23,18.0,추석,D-1,3.0,서울,부산,327.316,일,연휴
235,2018,2018-09-23,19.0,추석,D-1,3.0,서울,부산,320.725,일,연휴
236,2018,2018-09-23,20.0,추석,D-1,3.0,서울,부산,309.77166666666665,일,연휴
237,2018,2018-09-23,21.0,추석,D-1,3.0,서울,부산,326.975,일,연휴
238,2018,2018-09-23,22.0,추석,D-1,3.0,서울,부산,356.866,일,연휴
239,2018,2018-09-23,23.0,추석,D-1,3.0,서울,부산,330.1,일,연휴
240,2018,2018-09-24,0.0,추석,D,4.0,서울,부산,255.433,월,연휴
241,2018,2018-09-24,1.0,추석,D,4.0,서울,부산,286.8716666666666,월,연휴
242,2018,2018-09-24,2.0,추석,D,4.0,서울,부산,267.833,월,연휴
243,2018,2018-09-24,3.0,추석,D,4.0,서울,부산,282.70533333333333,월,연휴
244,2018,2018-09-24,4.0,추석,D,4.0,서울,부산,280.94966666666664,월,연휴
245,2018,2018-09-24,5.0,추석,D,4.0,서울,부산,256.0165,월,연휴
246,2018,2018-09-24,6.0,추석,D,4.0,서울,부산,284.47166666666664,월,연휴
247,2018,2018-09-24,7.0,추석,D,4.0,서울,부산,294.433,월,연휴
248,2018,2018-09-24,8.0,추석,D,4.0,서울,부산,294.31066666666663,월,연휴
249,2018,2018-09-24,9.0,추석,D,4.0,서울,부산,320.272,월,연휴
250,2018,2018-09-24,10.0,추석,D,4.0,서울,부산,349.79966666666667,월,연휴
251,2018,2018-09-24,11.0,추석,D,4.0,서울,부산,373.0106666666666,월,연휴
252,2018,2018-09-24,12.0,추석,D,4.0,서울,부산,407.858,월,연휴
253,2018,2018-09-24,13.0,추석,D,4.0,서울,부산,414.175,월,연휴
254,2018,2018-09-24,14.0,추석,D,4.0,서울,부산,420.6665,월,연휴
255,2018,2018-09-24,15.0,추석,D,4.0,서울,부산,436.983,월,연휴
256,2018,2018-09-24,16.0,추석,D,4.0,서울,부산,453.291,월,연휴
257,2018,2018-09-24,17.0,추석,D,4.0,서울,부산,467.608,월,연휴
258,2018,2018-09-24,18.0,추석,D,4.0,서울,부산,481.908,월,연휴
259,2018,2018-09-24,19.0,추석,D,4.0,서울,부산,447.741,월,연휴
260,2018,2018-09-24,20.0,추석,D,4.0,서울,부산,548.683,월,연휴
261,2018,2018-09-24,21.0,추석,D,4.0,서울,부산,544.833,월,연휴
262,2018,2018-09-24,22.0,추석,D,4.0,서울,부산,508.0,월,연휴
263,2018,2018-09-24,23.0,추석,D,4.0,서울,부산,457.283,월,연휴
264,2018,2018-09-25,0.0,추석,D+1,5.0,서울,부산,248.683,화,연휴
265,2018,2018-09-25,1.0,추석,D+1,5.0,서울,부산,304.7245,화,연휴
266,2018,2018-09-25,2.0,추석,D+1,5.0,서울,부산,291.2165,화,연휴
267,2018,2018-09-25,3.0,추석,D+1,5.0,서울,부산,283.958,화,연휴
268,2018,2018-09-25,4.0,추석,D+1,5.0,서울,부산,282.8495,화,연휴
269,2018,2018-09-25,5.0,추석,D+1,5.0,서울,부산,270.016,화,연휴
270,2018,2018-09-25,6.0,추석,D+1,5.0,서울,부산,274.4745,화,연휴
271,2018,2018-09-25,7.0,추석,D+1,5.0,서울,부산,272.0665,화,연휴
272,2018,2018-09-25,8.0,추석,D+1,5.0,서울,부산,268.5245,화,연휴
273,2018,2018-09-25,9.0,추석,D+1,5.0,서울,부산,305.425,화,연휴
274,2018,2018-09-25,10.0,추석,D+1,5.0,서울,부산,303.8,화,연휴
275,2018,2018-09-25,11.0,추석,D+1,5.0,서울,부산,305.98866666666663,화,연휴
276,2018,2018-09-25,12.0,추석,D+1,5.0,서울,부산,314.133,화,연휴
277,2018,2018-09-25,13.0,추석,D+1,5.0,서울,부산,312.433,화,연휴
278,2018,2018-09-25,14.0,추석,D+1,5.0,서울,부산,312.705,화,연휴
279,2018,2018-09-25,15.0,추석,D+1,5.0,서울,부산,315.3415,화,연휴
280,2018,2018-09-25,16.0,추석,D+1,5.0,서울,부산,306.961,화,연휴
281,2018,2018-09-25,17.0,추석,D+1,5.0,서울,부산,309.8883333333333,화,연휴
282,2018,2018-09-25,18.0,추석,D+1,5.0,서울,부산,307.1886666666666,화,연휴
283,2018,2018-09-25,19.0,추석,D+1,5.0,서울,부산,328.858,화,연휴
284,2018,2018-09-25,20.0,추석,D+1,5.0,서울,부산,327.7415,화,연휴
285,2018,2018-09-25,21.0,추석,D+1,5.0,서울,부산,305.733,화,연휴
286,2018,2018-09-25,22.0,추석,D+1,5.0,서울,부산,292.116,화,연휴
287,2018,2018-09-26,0.0,추석,D+2,6.0,서울,부산,251.933,수,연휴
288,2018,2018-09-26,1.0,추석,D+2,6.0,서울,부산,256.2,수,연휴
289,2018,2018-09-26,2.0,추석,D+2,6.0,서울,부산,257.758,수,연휴
290,2018,2018-09-26,3.0,추석,D+2,6.0,서울,부산,250.7245,수,연휴
291,2018,2018-09-26,4.0,추석,D+2,6.0,서울,부산,259.5415,수,연휴
292,2018,2018-09-26,5.0,추석,D+2,6.0,서울,부산,258.361,수,연휴
293,2018,2018-09-26,6.0,추석,D+2,6.0,서울,부산,258.091,수,연휴
294,2018,2018-09-26,7.0,추석,D+2,6.0,서울,부산,242.12766666666664,수,연휴
295,2018,2018-09-26,8.0,추석,D+2,6.0,서울,부산,242.07166666666663,수,연휴
296,2018,2018-09-26,9.0,추석,D+2,6.0,서울,부산,245.44966666666664,수,연휴
297,2018,2018-09-26,10.0,추석,D+2,6.0,서울,부산,260.5,수,연휴
298,2018,2018-09-26,11.0,추석,D+2,6.0,서울,부산,276.4995,수,연휴
299,2018,2018-09-26,12.0,추석,D+2,6.0,서울,부산,272.716,수,연휴
300,2018,2018-09-26,13.0,추석,D+2,6.0,서울,부산,265.9,수,연휴
301,2018,2018-09-26,14.0,추석,D+2,6.0,서울,부산,269.1415,수,연휴
302,2018,2018-09-26,15.0,추석,D+2,6.0,서울,부산,270.0165,수,연휴
303,2018,2018-09-26,16.0,추석,D+2,6.0,서울,부산,267.0495,수,연휴
304,2018,2018-09-26,17.0,추석,D+2,6.0,서울,부산,267.8245,수,연휴
305,2018,2018-09-26,18.0,추석,D+2,6.0,서울,부산,265.208,수,연휴
306,2018,2018-09-26,19.0,추석,D+2,6.0,서울,부산,258.7495,수,연휴
307,2018,2018-09-26,20.0,추석,D+2,6.0,서울,부산,268.25,수,연휴
308,2018,2018-09-26,21.0,추석,D+2,6.0,서울,부산,265.383,수,연휴
309,2018,2018-09-26,22.0,추석,D+2,6.0,서울,부산,273.516,수,연휴
310,2018,2018-09-26,23.0,추석,D+2,6.0,서울,부산,269.183,수,연휴
311,2018,2018-09-27,3.0,추석,D+3,7.0,서울,부산,,목,평일
312,2018,2018-09-27,4.0,추석,D+3,7.0,서울,부산,254.216,목,평일
313,2018,2018-09-27,6.0,추석,D+3,7.0,서울,부산,225.633,목,평일
314,2018,2018-09-27,7.0,추석,D+3,7.0,서울,부산,274.466,목,평일
315,2018,2018-09-27,8.0,추석,D+3,7.0,서울,부산,272.266,목,평일
316,2018,2018-09-27,9.0,추석,D+3,7.0,서울,부산,276.466,목,평일
317,2018,2018-09-27,10.0,추석,D+3,7.0,서울,부산,306.0383333333333,목,평일
318,2018,2018-09-27,11.0,추석,D+3,7.0,서울,부산,300.505,목,평일
319,2018,2018-09-27,12.0,추석,D+3,7.0,서울,부산,295.972,목,평일
320,2018,2018-09-27,13.0,추석,D+3,7.0,서울,부산,301.2205,목,평일
321,2018,2018-09-27,14.0,추석,D+3,7.0,서울,부산,288.48725,목,평일
322,2018,2018-09-27,15.0,추석,D+3,7.0,서울,부산,288.52875,목,평일
323,2018,2018-09-27,16.0,추석,D+3,7.0,서울,부산,278.3705,목,평일
324,2018,2018-09-27,17.0,추석,D+3,7.0,서울,부산,284.194,목,평일
325,2018,2018-09-27,18.0,추석,D+3,7.0,서울,부산,260.262,목,평일
326,2018,2018-09-27,19.0,추석,D+3,7.0,서울,부산,277.258,목,평일
327,2018,2018-09-27,20.0,추석,D+3,7.0,서울,부산,268.141,목,평일
328,2018,2018-09-27,21.0,추석,D+3,7.0,서울,부산,251.616,목,평일
329,2018,2018-09-27,22.0,추석,D+3,7.0,서울,부산,240.808,목,평일
330,2019,2019-09-10,0.0,추석,D-3,1.0,서울,부산,240.866,화,평일
331,2019,2019-09-10,1.0,추석,D-3,1.0,서울,부산,317.9745,화,평일
332,2019,2019-09-10,2.0,추석,D-3,1.0,서울,부산,302.4495,화,평일
333,2019,2019-09-10,3.0,추석,D-3,1.0,서울,부산,312.158,화,평일
334,2019,2019-09-10,4.0,추석,D-3,1.0,서울,부산,306.4995,화,평일
335,2019,2019-09-10,5.0,추석,D-3,1.0,서울,부산,300.841,화,평일
336,2019,2019-09-10,6.0,추석,D-3,1.0,서울,부산,293.683,화,평일
337,2019,2019-09-10,7.0,추석,D-3,1.0,서울,부산,286.508,화,평일
338,2019,2019-09-10,8.0,추석,D-3,1.0,서울,부산,283.558,화,평일
339,2019,2019-09-10,9.0,추석,D-3,1.0,서울,부산,280.608,화,평일
340,2019,2019-09-10,10.0,추석,D-3,1.0,서울,부산,274.494,화,평일
341,2019,2019-09-10,11.0,추석,D-3,1.0,서울,부산,283.58866666666665,화,평일
342,2019,2019-09-10,12.0,추석,D-3,1.0,서울,부산,281.6716666666666,화,평일
343,2019,2019-09-10,13.0,추석,D-3,1.0,서울,부산,278.633,화,평일
344,2019,2019-09-10,14.0,추석,D-3,1.0,서울,부산,278.483,화,평일
345,2019,2019-09-10,15.0,추석,D-3,1.0,서울,부산,279.283,화,평일
346,2019,2019-09-10,16.0,추석,D-3,1.0,서울,부산,278.4745,화,평일
347,2019,2019-09-10,17.0,추석,D-3,1.0,서울,부산,273.4665,화,평일
348,2019,2019-09-10,18.0,추석,D-3,1.0,서울,부산,269.1,화,평일
349,2019,2019-09-10,19.0,추석,D-3,1.0,서울,부산,260.0106666666666,화,평일
350,2019,2019-09-10,20.0,추석,D-3,1.0,서울,부산,258.1915,화,평일
351,2019,2019-09-10,21.0,추석,D-3,1.0,서울,부산,274.033,화,평일
352,2019,2019-09-10,22.0,추석,D-3,1.0,서울,부산,269.166,화,평일
353,2019,2019-09-10,23.0,추석,D-3,1.0,서울,부산,262.4415,화,평일
354,2019,2019-09-11,0.0,추석,D-2,2.0,서울,부산,280.758,수,평일
355,2019,2019-09-11,1.0,추석,D-2,2.0,서울,부산,277.6915,수,평일
356,2019,2019-09-11,2.0,추석,D-2,2.0,서울,부산,275.858,수,평일
357,2019,2019-09-11,3.0,추석,D-2,2.0,서울,부산,268.2415,수,평일
358,2019,2019-09-11,4.0,추석,D-2,2.0,서울,부산,261.5995,수,평일
359,2019,2019-09-11,5.0,추석,D-2,2.0,서울,부산,269.983,수,평일
360,2019,2019-09-11,6.0,추석,D-2,2.0,서울,부산,280.691,수,평일
361,2019,2019-09-11,7.0,추석,D-2,2.0,서울,부산,279.433,수,평일
362,2019,2019-09-11,8.0,추석,D-2,2.0,서울,부산,304.0443333333333,수,평일
363,2019,2019-09-11,9.0,추석,D-2,2.0,서울,부산,289.908,수,평일
364,2019,2019-09-11,10.0,추석,D-2,2.0,서울,부산,299.933,수,평일
365,2019,2019-09-11,11.0,추석,D-2,2.0,서울,부산,316.77166666666665,수,평일
366,2019,2019-09-11,12.0,추석,D-2,2.0,서울,부산,339.8053333333333,수,평일
367,2019,2019-09-11,13.0,추석,D-2,2.0,서울,부산,347.91633333333334,수,평일
368,2019,2019-09-11,14.0,추석,D-2,2.0,서울,부산,357.1773333333333,수,평일
369,2019,2019-09-11,15.0,추석,D-2,2.0,서울,부산,374.4553333333333,수,평일
370,2019,2019-09-11,16.0,추석,D-2,2.0,서울,부산,354.408,수,평일
371,2019,2019-09-11,17.0,추석,D-2,2.0,서울,부산,348.1273333333333,수,평일
372,2019,2019-09-11,18.0,추석,D-2,2.0,서울,부산,346.033,수,평일
373,2019,2019-09-11,19.0,추석,D-2,2.0,서울,부산,360.6745,수,평일
374,2019,2019-09-11,20.0,추석,D-2,2.0,서울,부산,377.6915,수,평일
375,2019,2019-09-11,21.0,추석,D-2,2.0,서울,부산,381.966,수,평일
376,2019,2019-09-11,22.0,추석,D-2,2.0,서울,부산,408.3,수,평일
377,2019,2019-09-11,23.0,추석,D-2,2.0,서울,부산,393.5,수,평일
378,2019,2019-09-12,0.0,추석,D-1,3.0,서울,부산,369.2386666666666,목,연휴
379,2019,2019-09-12,1.0,추석,D-1,3.0,서울,부산,368.961,목,연휴
380,2019,2019-09-12,2.0,추석,D-1,3.0,서울,부산,355.9665,목,연휴
381,2019,2019-09-12,3.0,추석,D-1,3.0,서울,부산,365.2915,목,연휴
382,2019,2019-09-12,4.0,추석,D-1,3.0,서울,부산,476.1716666666666,목,연휴
383,2019,2019-09-12,5.0,추석,D-1,3.0,서울,부산,481.954,목,연휴
384,2019,2019-09-12,6.0,추석,D-1,3.0,서울,부산,496.029,목,연휴
385,2019,2019-09-12,7.0,추석,D-1,3.0,서울,부산,468.4665,목,연휴
386,2019,2019-09-12,8.0,추석,D-1,3.0,서울,부산,478.3276666666666,목,연휴
387,2019,2019-09-12,9.0,추석,D-1,3.0,서울,부산,470.7495,목,연휴
388,2019,2019-09-12,10.0,추석,D-1,3.0,서울,부산,475.9745,목,연휴
389,2019,2019-09-12,11.0,추석,D-1,3.0,서울,부산,501.761,목,연휴
390,2019,2019-09-12,12.0,추석,D-1,3.0,서울,부산,471.191,목,연휴
391,2019,2019-09-12,13.0,추석,D-1,3.0,서울,부산,471.4415,목,연휴
392,2019,2019-09-12,14.0,추석,D-1,3.0,서울,부산,498.5164,목,연휴
393,2019,2019-09-12,15.0,추석,D-1,3.0,서울,부산,511.0165,목,연휴
394,2019,2019-09-12,16.0,추석,D-1,3.0,서울,부산,496.154,목,연휴
395,2019,2019-09-12,17.0,추석,D-1,3.0,서울,부산,466.991,목,연휴
396,2019,2019-09-12,18.0,추석,D-1,3.0,서울,부산,483.63833333333326,목,연휴
397,2019,2019-09-12,19.0,추석,D-1,3.0,서울,부산,453.372,목,연휴
398,2019,2019-09-12,20.0,추석,D-1,3.0,서울,부산,390.0,목,연휴
399,2019,2019-09-12,21.0,추석,D-1,3.0,서울,부산,393.5553333333333,목,연휴
400,2019,2019-09-12,22.0,추석,D-1,3.0,서울,부산,382.1165,목,연휴
401,2019,2019-09-12,23.0,추석,D-1,3.0,서울,부산,372.341,목,연휴
402,2019,2019-09-15,0.0,추석,D+2,6.0,서울,부산,285.675,일,주말
403,2019,2019-09-15,1.0,추석,D+2,6.0,서울,부산,286.0165,일,주말
404,2019,2019-09-15,2.0,추석,D+2,6.0,서울,부산,284.908,일,주말
405,2019,2019-09-15,3.0,추석,D+2,6.0,서울,부산,276.7745,일,주말
406,2019,2019-09-15,4.0,추석,D+2,6.0,서울,부산,293.4,일,주말
407,2019,2019-09-15,8.0,추석,D+2,6.0,서울,부산,224.483,일,주말
408,2019,2019-09-15,9.0,추석,D+2,6.0,서울,부산,240.133,일,주말
409,2019,2019-09-15,10.0,추석,D+2,6.0,서울,부산,246.8,일,주말
410,2019,2019-09-15,11.0,추석,D+2,6.0,서울,부산,228.666,일,주말
411,2019,2019-09-15,12.0,추석,D+2,6.0,서울,부산,240.8665,일,주말
412,2019,2019-09-15,13.0,추석,D+2,6.0,서울,부산,249.041,일,주말
413,2019,2019-09-15,14.0,추석,D+2,6.0,서울,부산,256.475,일,주말
414,2019,2019-09-15,15.0,추석,D+2,6.0,서울,부산,256.116,일,주말
415,2019,2019-09-15,16.0,추석,D+2,6.0,서울,부산,262.6165,일,주말
416,2019,2019-09-15,17.0,추석,D+2,6.0,서울,부산,265.9495,일,주말
417,2019,2019-09-15,18.0,추석,D+2,6.0,서울,부산,263.1716666666666,일,주말
418,2019,2019-09-15,19.0,추석,D+2,6.0,서울,부산,264.25,일,주말
419,2019,2019-09-15,20.0,추석,D+2,6.0,서울,부산,263.133,일,주말
420,2019,2019-09-15,21.0,추석,D+2,6.0,서울,부산,257.7,일,주말
421,2019,2019-09-15,22.0,추석,D+2,6.0,서울,부산,261.833,일,주말
422,2019,2019-09-15,23.0,추석,D+2,6.0,서울,부산,265.341,일,주말
423,2019,2019-09-16,0.0,추석,D+3,7.0,서울,부산,267.433,월,평일
424,2019,2019-09-16,1.0,추석,D+3,7.0,서울,부산,242.4995,월,평일
425,2019,2019-09-16,2.0,추석,D+3,7.0,서울,부산,260.483,월,평일
426,2019,2019-09-16,3.0,추석,D+3,7.0,서울,부산,257.983,월,평일
427,2019,2019-09-16,4.0,추석,D+3,7.0,서울,부산,254.3,월,평일
428,2019,2019-09-16,5.0,추석,D+3,7.0,서울,부산,265.233,월,평일
429,2019,2019-09-16,6.0,추석,D+3,7.0,서울,부산,276.2915,월,평일
430,2019,2019-09-16,7.0,추석,D+3,7.0,서울,부산,257.983,월,평일
431,2019,2019-09-16,8.0,추석,D+3,7.0,서울,부산,300.416,월,평일
432,2019,2019-09-16,9.0,추석,D+3,7.0,서울,부산,279.733,월,평일
433,2019,2019-09-16,10.0,추석,D+3,7.0,서울,부산,275.6245,월,평일
434,2019,2019-09-16,11.0,추석,D+3,7.0,서울,부산,289.9,월,평일
435,2019,2019-09-16,12.0,추석,D+3,7.0,서울,부산,269.3165,월,평일
436,2019,2019-09-16,13.0,추석,D+3,7.0,서울,부산,274.011,월,평일
437,2019,2019-09-16,14.0,추석,D+3,7.0,서울,부산,268.544,월,평일
438,2019,2019-09-16,15.0,추석,D+3,7.0,서울,부산,271.5495,월,평일
439,2019,2019-09-16,16.0,추석,D+3,7.0,서울,부산,264.058,월,평일
440,2019,2019-09-16,17.0,추석,D+3,7.0,서울,부산,265.9995,월,평일
441,2019,2019-09-16,18.0,추석,D+3,7.0,서울,부산,272.14975,월,평일
442,2019,2019-09-16,19.0,추석,D+3,7.0,서울,부산,262.022,월,평일
443,2019,2019-09-16,20.0,추석,D+3,7.0,서울,부산,264.2915,월,평일
444,2019,2019-09-16,21.0,추석,D+3,7.0,서울,부산,273.966,월,평일
445,2019,2019-09-16,22.0,추석,D+3,7.0,서울,부산,279.0,월,평일
446,2019,2019-09-16,23.0,추석,D+3,7.0,서울,부산,254.35,월,평일
447,2020,2020-09-28,0.0,추석,D-3,1.0,서울,부산,240.916,월,평일
448,2020,2020-09-28,4.0,추석,D-3,1.0,서울,부산,203.716,월,평일
449,2020,2020-09-28,5.0,추석,D-3,1.0,서울,부산,209.783,월,평일
450,2020,2020-09-28,6.0,추석,D-3,1.0,서울,부산,219.366,월,평일
451,2020,2020-09-28,7.0,추석,D-3,1.0,서울,부산,231.258,월,평일
452,2020,2020-09-28,8.0,추석,D-3,1.0,서울,부산,231.5165,월,평일
453,2020,2020-09-28,9.0,추석,D-3,1.0,서울,부산,235.2995,월,평일
454,2020,2020-09-28,10.0,추석,D-3,1.0,서울,부산,235.866,월,평일
455,2020,2020-09-28,11.0,추석,D-3,1.0,서울,부산,234.4665,월,평일
456,2020,2020-09-28,12.0,추석,D-3,1.0,서울,부산,252.5245,월,평일
457,2020,2020-09-28,13.0,추석,D-3,1.0,서울,부산,257.1995,월,평일
458,2020,2020-09-28,14.0,추석,D-3,1.0,서울,부산,253.9915,월,평일
459,2020,2020-09-28,15.0,추석,D-3,1.0,서울,부산,254.3165,월,평일
460,2020,2020-09-28,16.0,추석,D-3,1.0,서울,부산,254.0245,월,평일
461,2020,2020-09-28,17.0,추석,D-3,1.0,서울,부산,268.1273333333333,월,평일
462,2020,2020-09-28,18.0,추석,D-3,1.0,서울,부산,249.375,월,평일
463,2020,2020-09-28,19.0,추석,D-3,1.0,서울,부산,250.308,월,평일
464,2020,2020-09-28,20.0,추석,D-3,1.0,서울,부산,249.9495,월,평일
465,2020,2020-09-28,21.0,추석,D-3,1.0,서울,부산,251.816,월,평일
466,2020,2020-09-28,22.0,추석,D-3,1.0,서울,부산,278.858,월,평일
467,2020,2020-09-28,23.0,추석,D-3,1.0,서울,부산,247.05,월,평일
468,2020,2020-09-29,0.0,추석,D-2,2.0,서울,부산,252.0915,화,평일
469,2020,2020-09-29,1.0,추석,D-2,2.0,서울,부산,248.858,화,평일
470,2020,2020-09-29,2.0,추석,D-2,2.0,서울,부산,245.733,화,평일
471,2020,2020-09-29,3.0,추석,D-2,2.0,서울,부산,250.6495,화,평일
472,2020,2020-09-29,4.0,추석,D-2,2.0,서울,부산,249.808,화,평일
473,2020,2020-09-29,5.0,추석,D-2,2.0,서울,부산,255.2745,화,평일
474,2020,2020-09-29,6.0,추석,D-2,2.0,서울,부산,259.441,화,평일
475,2020,2020-09-29,7.0,추석,D-2,2.0,서울,부산,259.933,화,평일
476,2020,2020-09-29,8.0,추석,D-2,2.0,서울,부산,261.2745,화,평일
477,2020,2020-09-29,9.0,추석,D-2,2.0,서울,부산,266.058,화,평일
478,2020,2020-09-29,10.0,추석,D-2,2.0,서울,부산,270.083,화,평일
479,2020,2020-09-29,11.0,추석,D-2,2.0,서울,부산,288.572,화,평일
480,2020,2020-09-29,12.0,추석,D-2,2.0,서울,부산,278.2415,화,평일
481,2020,2020-09-29,13.0,추석,D-2,2.0,서울,부산,279.7995,화,평일
482,2020,2020-09-29,14.0,추석,D-2,2.0,서울,부산,295.9443333333333,화,평일
483,2020,2020-09-29,15.0,추석,D-2,2.0,서울,부산,296.633,화,평일
484,2020,2020-09-29,16.0,추석,D-2,2.0,서울,부산,308.958,화,평일
485,2020,2020-09-29,17.0,추석,D-2,2.0,서울,부산,310.17875,화,평일
486,2020,2020-09-29,18.0,추석,D-2,2.0,서울,부산,303.872,화,평일
487,2020,2020-09-29,19.0,추석,D-2,2.0,서울,부산,306.21625,화,평일
488,2020,2020-09-29,20.0,추석,D-2,2.0,서울,부산,316.8165,화,평일
489,2020,2020-09-29,21.0,추석,D-2,2.0,서울,부산,334.15,화,평일
490,2020,2020-09-29,22.0,추석,D-2,2.0,서울,부산,319.8495,화,평일
491,2020,2020-09-29,23.0,추석,D-2,2.0,서울,부산,302.9165,화,평일
492,2020,2020-09-30,0.0,추석,D-1,3.0,서울,부산,285.8665,수,연휴
493,2020,2020-09-30,1.0,추석,D-1,3.0,서울,부산,281.1995,수,연휴
494,2020,2020-09-30,2.0,추석,D-1,3.0,서울,부산,289.9495,수,연휴
495,2020,2020-09-30,3.0,추석,D-1,3.0,서울,부산,278.65,수,연휴
496,2020,2020-09-30,4.0,추석,D-1,3.0,서울,부산,271.4165,수,연휴
497,2020,2020-09-30,5.0,추석,D-1,3.0,서울,부산,277.008,수,연휴
498,2020,2020-09-30,6.0,추석,D-1,3.0,서울,부산,277.5495,수,연휴
499,2020,2020-09-30,7.0,추석,D-1,3.0,서울,부산,277.983,수,연휴
500,2020,2020-09-30,8.0,추석,D-1,3.0,서울,부산,287.8415,수,연휴
501,2020,2020-09-30,9.0,추석,D-1,3.0,서울,부산,297.891,수,연휴
502,2020,2020-09-30,10.0,추석,D-1,3.0,서울,부산,310.9915,수,연휴
503,2020,2020-09-30,11.0,추석,D-1,3.0,서울,부산,315.333,수,연휴
504,2020,2020-09-30,12.0,추석,D-1,3.0,서울,부산,316.00533333333334,수,연휴
505,2020,2020-09-30,13.0,추석,D-1,3.0,서울,부산,326.2995,수,연휴
506,2020,2020-09-30,14.0,추석,D-1,3.0,서울,부산,320.058,수,연휴
507,2020,2020-09-30,15.0,추석,D-1,3.0,서울,부산,320.3415,수,연휴
508,2020,2020-09-30,16.0,추석,D-1,3.0,서울,부산,313.6245,수,연휴
509,2020,2020-09-30,17.0,추석,D-1,3.0,서울,부산,309.758,수,연휴
510,2020,2020-09-30,18.0,추석,D-1,3.0,서울,부산,304.9443333333333,수,연휴
511,2020,2020-09-30,19.0,추석,D-1,3.0,서울,부산,288.4995,수,연휴
512,2020,2020-09-30,20.0,추석,D-1,3.0,서울,부산,267.258,수,연휴
513,2020,2020-09-30,21.0,추석,D-1,3.0,서울,부산,288.766,수,연휴
514,2020,2020-09-30,22.0,추석,D-1,3.0,서울,부산,279.483,수,연휴
515,2020,2020-09-30,23.0,추석,D-1,3.0,서울,부산,259.666,수,연휴
516,2020,2020-10-01,0.0,추석,D,4.0,서울,부산,262.4415,목,연휴
517,2020,2020-10-01,1.0,추석,D,4.0,서울,부산,258.6995,목,연휴
518,2020,2020-10-01,2.0,추석,D,4.0,서울,부산,252.0915,목,연휴
519,2020,2020-10-01,3.0,추석,D,4.0,서울,부산,250.033,목,연휴
520,2020,2020-10-01,4.0,추석,D,4.0,서울,부산,248.383,목,연휴
521,2020,2020-10-01,5.0,추석,D,4.0,서울,부산,263.216,목,연휴
522,2020,2020-10-01,6.0,추석,D,4.0,서울,부산,255.3415,목,연휴
523,2020,2020-10-01,7.0,추석,D,4.0,서울,부산,252.7495,목,연휴
524,2020,2020-10-01,8.0,추석,D,4.0,서울,부산,251.3745,목,연휴
525,2020,2020-10-01,9.0,추석,D,4.0,서울,부산,255.7915,목,연휴
526,2020,2020-10-01,10.0,추석,D,4.0,서울,부산,262.358,목,연휴
527,2020,2020-10-01,11.0,추석,D,4.0,서울,부산,268.3245,목,연휴
528,2020,2020-10-01,12.0,추석,D,4.0,서울,부산,271.325,목,연휴
529,2020,2020-10-01,13.0,추석,D,4.0,서울,부산,274.0165,목,연휴
530,2020,2020-10-01,14.0,추석,D,4.0,서울,부산,275.891,목,연휴
531,2020,2020-10-01,15.0,추석,D,4.0,서울,부산,279.733,목,연휴
532,2020,2020-10-01,16.0,추석,D,4.0,서울,부산,278.425,목,연휴
533,2020,2020-10-01,17.0,추석,D,4.0,서울,부산,280.658,목,연휴
534,2020,2020-10-01,18.0,추석,D,4.0,서울,부산,280.241,목,연휴
535,2020,2020-10-01,19.0,추석,D,4.0,서울,부산,271.8165,목,연휴
536,2020,2020-10-01,20.0,추석,D,4.0,서울,부산,261.975,목,연휴
537,2020,2020-10-01,21.0,추석,D,4.0,서울,부산,278.45,목,연휴
538,2020,2020-10-01,22.0,추석,D,4.0,서울,부산,260.733,목,연휴
539,2020,2020-10-01,23.0,추석,D,4.0,서울,부산,243.966,목,연휴
540,2020,2020-10-02,0.0,추석,D+1,5.0,서울,부산,346.891,금,연휴
541,2020,2020-10-02,1.0,추석,D+1,5.0,서울,부산,304.875,금,연휴
542,2020,2020-10-02,2.0,추석,D+1,5.0,서울,부산,297.8165,금,연휴
543,2020,2020-10-02,3.0,추석,D+1,5.0,서울,부산,294.566,금,연휴
544,2020,2020-10-02,4.0,추석,D+1,5.0,서울,부산,278.808,금,연휴
545,2020,2020-10-02,5.0,추석,D+1,5.0,서울,부산,266.358,금,연휴
546,2020,2020-10-02,6.0,추석,D+1,5.0,서울,부산,266.205,금,연휴
547,2020,2020-10-02,7.0,추석,D+1,5.0,서울,부산,266.76666666666665,금,연휴
548,2020,2020-10-02,8.0,추석,D+1,5.0,서울,부산,261.8165,금,연휴
549,2020,2020-10-02,9.0,추석,D+1,5.0,서울,부산,262.808,금,연휴
550,2020,2020-10-02,10.0,추석,D+1,5.0,서울,부산,262.533,금,연휴
551,2020,2020-10-02,11.0,추석,D+1,5.0,서울,부산,266.8496666666666,금,연휴
552,2020,2020-10-02,12.0,추석,D+1,5.0,서울,부산,265.27166666666665,금,연휴
553,2020,2020-10-02,13.0,추석,D+1,5.0,서울,부산,260.325,금,연휴
554,2020,2020-10-02,14.0,추석,D+1,5.0,서울,부산,262.333,금,연휴
555,2020,2020-10-02,15.0,추석,D+1,5.0,서울,부산,264.125,금,연휴
556,2020,2020-10-02,16.0,추석,D+1,5.0,서울,부산,267.3415,금,연휴
557,2020,2020-10-02,17.0,추석,D+1,5.0,서울,부산,271.008,금,연휴
558,2020,2020-10-02,18.0,추석,D+1,5.0,서울,부산,268.391,금,연휴
559,2020,2020-10-02,19.0,추석,D+1,5.0,서울,부산,270.766,금,연휴
560,2020,2020-10-02,20.0,추석,D+1,5.0,서울,부산,268.65,금,연휴
561,2020,2020-10-02,21.0,추석,D+1,5.0,서울,부산,274.166,금,연휴
562,2020,2020-10-02,22.0,추석,D+1,5.0,서울,부산,260.216,금,연휴
563,2020,2020-10-03,1.0,추석,D+2,6.0,서울,부산,254.9995,토,연휴
564,2020,2020-10-03,2.0,추석,D+2,6.0,서울,부산,247.733,토,연휴
565,2020,2020-10-03,3.0,추석,D+2,6.0,서울,부산,263.741,토,연휴
566,2020,2020-10-03,4.0,추석,D+2,6.0,서울,부산,263.175,토,연휴
567,2020,2020-10-03,5.0,추석,D+2,6.0,서울,부산,262.608,토,연휴
568,2020,2020-10-03,6.0,추석,D+2,6.0,서울,부산,261.1495,토,연휴
569,2020,2020-10-03,7.0,추석,D+2,6.0,서울,부산,257.3495,토,연휴
570,2020,2020-10-03,8.0,추석,D+2,6.0,서울,부산,254.758,토,연휴
571,2020,2020-10-03,9.0,추석,D+2,6.0,서울,부산,253.5165,토,연휴
572,2020,2020-10-03,10.0,추석,D+2,6.0,서울,부산,254.633,토,연휴
573,2020,2020-10-03,11.0,추석,D+2,6.0,서울,부산,250.8245,토,연휴
574,2020,2020-10-03,12.0,추석,D+2,6.0,서울,부산,254.958,토,연휴
575,2020,2020-10-03,13.0,추석,D+2,6.0,서울,부산,255.4915,토,연휴
576,2020,2020-10-03,14.0,추석,D+2,6.0,서울,부산,252.2495,토,연휴
577,2020,2020-10-03,15.0,추석,D+2,6.0,서울,부산,252.625,토,연휴
578,2020,2020-10-03,16.0,추석,D+2,6.0,서울,부산,256.1245,토,연휴
579,2020,2020-10-03,17.0,추석,D+2,6.0,서울,부산,251.333,토,연휴
580,2020,2020-10-03,18.0,추석,D+2,6.0,서울,부산,240.554,토,연휴
581,2020,2020-10-03,19.0,추석,D+2,6.0,서울,부산,242.9773333333333,토,연휴
582,2020,2020-10-03,20.0,추석,D+2,6.0,서울,부산,250.066,토,연휴
583,2020,2020-10-03,21.0,추석,D+2,6.0,서울,부산,243.433,토,연휴
584,2020,2020-10-03,22.0,추석,D+2,6.0,서울,부산,233.18866666666665,토,연휴
585,2020,2020-10-03,23.0,추석,D+2,6.0,서울,부산,240.116,토,연휴
586,2020,2020-10-04,0.0,추석,D+3,7.0,서울,부산,345.433,일,주말
587,2020,2020-10-04,1.0,추석,D+3,7.0,서울,부산,298.25,일,주말
588,2020,2020-10-04,2.0,추석,D+3,7.0,서울,부산,318.633,일,주말
589,2020,2020-10-04,3.0,추석,D+3,7.0,서울,부산,339.0,일,주말
590,2020,2020-10-04,4.0,추석,D+3,7.0,서울,부산,259.2995,일,주말
591,2020,2020-10-04,5.0,추석,D+3,7.0,서울,부산,278.616,일,주말
592,2020,2020-10-04,6.0,추석,D+3,7.0,서울,부산,313.383,일,주말
593,2020,2020-10-04,7.0,추석,D+3,7.0,서울,부산,308.308,일,주말
594,2020,2020-10-04,8.0,추석,D+3,7.0,서울,부산,322.408,일,주말
595,2020,2020-10-04,9.0,추석,D+3,7.0,서울,부산,299.358,일,주말
596,2020,2020-10-04,10.0,추석,D+3,7.0,서울,부산,353.2165,일,주말
597,2020,2020-10-04,11.0,추석,D+3,7.0,서울,부산,325.2995,일,주말
598,2020,2020-10-04,12.0,추석,D+3,7.0,서울,부산,310.7745,일,주말
599,2020,2020-10-04,13.0,추석,D+3,7.0,서울,부산,296.258,일,주말
600,2020,2020-10-04,14.0,추석,D+3,7.0,서울,부산,280.233,일,주말
601,2020,2020-10-04,15.0,추석,D+3,7.0,서울,부산,279.9915,일,주말
602,2020,2020-10-04,16.0,추석,D+3,7.0,서울,부산,270.2915,일,주말
603,2020,2020-10-04,17.0,추석,D+3,7.0,서울,부산,266.2995,일,주말
604,2020,2020-10-04,18.0,추석,D+3,7.0,서울,부산,259.7915,일,주말
605,2020,2020-10-04,19.0,추석,D+3,7.0,서울,부산,284.6553333333333,일,주말
606,2020,2020-10-04,20.0,추석,D+3,7.0,서울,부산,273.183,일,주말
607,2020,2020-10-04,21.0,추석,D+3,7.0,서울,부산,265.833,일,주말
608,2020,2020-10-04,22.0,추석,D+3,7.0,서울,부산,266.183,일,주말
609,2020,2020-10-04,23.0,추석,D+3,7.0,서울,부산,260.45,일,주말
610,2021,2021-09-18,0.0,추석,D-3,1.0,서울,부산,257.0415,토,주말
611,2021,2021-09-18,1.0,추석,D-3,1.0,서울,부산,260.9995,토,주말
612,2021,2021-09-18,2.0,추석,D-3,1.0,서울,부산,259.4245,토,주말
613,2021,2021-09-18,3.0,추석,D-3,1.0,서울,부산,253.7415,토,주말
614,2021,2021-09-18,4.0,추석,D-3,1.0,서울,부산,254.716,토,주말
615,2021,2021-09-18,5.0,추석,D-3,1.0,서울,부산,262.1495,토,주말
616,2021,2021-09-18,6.0,추석,D-3,1.0,서울,부산,276.0745,토,주말
617,2021,2021-09-18,7.0,추석,D-3,1.0,서울,부산,294.591,토,주말
618,2021,2021-09-18,8.0,추석,D-3,1.0,서울,부산,292.133,토,주말
619,2021,2021-09-18,9.0,추석,D-3,1.0,서울,부산,302.983,토,주말
620,2021,2021-09-18,10.0,추석,D-3,1.0,서울,부산,322.025,토,주말
621,2021,2021-09-18,11.0,추석,D-3,1.0,서울,부산,348.4216666666666,토,주말
622,2021,2021-09-18,12.0,추석,D-3,1.0,서울,부산,345.41633333333334,토,주말
623,2021,2021-09-18,13.0,추석,D-3,1.0,서울,부산,352.6443333333333,토,주말
624,2021,2021-09-18,14.0,추석,D-3,1.0,서울,부산,358.8773333333333,토,주말
625,2021,2021-09-18,15.0,추석,D-3,1.0,서울,부산,359.2826666666666,토,주말
626,2021,2021-09-18,16.0,추석,D-3,1.0,서울,부산,345.61633333333333,토,주말
627,2021,2021-09-18,17.0,추석,D-3,1.0,서울,부산,353.78725,토,주말
628,2021,2021-09-18,18.0,추석,D-3,1.0,서울,부산,345.937,토,주말
629,2021,2021-09-18,19.0,추석,D-3,1.0,서울,부산,341.2163333333333,토,주말
630,2021,2021-09-18,20.0,추석,D-3,1.0,서울,부산,357.391,토,주말
631,2021,2021-09-18,21.0,추석,D-3,1.0,서울,부산,348.308,토,주말
632,2021,2021-09-18,22.0,추석,D-3,1.0,서울,부산,340.375,토,주말
633,2021,2021-09-18,23.0,추석,D-3,1.0,서울,부산,324.8245,토,주말
634,2021,2021-09-19,0.0,추석,D-2,2.0,서울,부산,290.9,일,주말
635,2021,2021-09-19,1.0,추석,D-2,2.0,서울,부산,277.3665,일,주말
636,2021,2021-09-19,2.0,추석,D-2,2.0,서울,부산,264.1216666666666,일,주말
637,2021,2021-09-19,3.0,추석,D-2,2.0,서울,부산,268.2663333333333,일,주말
638,2021,2021-09-19,4.0,추석,D-2,2.0,서울,부산,266.56066666666663,일,주말
639,2021,2021-09-19,5.0,추석,D-2,2.0,서울,부산,307.14966666666663,일,주말
640,2021,2021-09-19,6.0,추석,D-2,2.0,서울,부산,293.872,일,주말
641,2021,2021-09-19,7.0,추석,D-2,2.0,서울,부산,289.944,일,주말
642,2021,2021-09-19,8.0,추석,D-2,2.0,서울,부산,293.35,일,주말
643,2021,2021-09-19,9.0,추석,D-2,2.0,서울,부산,300.8415,일,주말
644,2021,2021-09-19,10.0,추석,D-2,2.0,서울,부산,309.433,일,주말
645,2021,2021-09-19,11.0,추석,D-2,2.0,서울,부산,323.833,일,주말
646,2021,2021-09-19,12.0,추석,D-2,2.0,서울,부산,332.2495,일,주말
647,2021,2021-09-19,13.0,추석,D-2,2.0,서울,부산,343.5995,일,주말
648,2021,2021-09-19,14.0,추석,D-2,2.0,서울,부산,346.891,일,주말
649,2021,2021-09-19,15.0,추석,D-2,2.0,서울,부산,374.52166666666665,일,주말
650,2021,2021-09-19,16.0,추석,D-2,2.0,서울,부산,341.9665,일,주말
651,2021,2021-09-19,17.0,추석,D-2,2.0,서울,부산,341.8415,일,주말
652,2021,2021-09-19,18.0,추석,D-2,2.0,서울,부산,344.958,일,주말
653,2021,2021-09-19,19.0,추석,D-2,2.0,서울,부산,335.5915,일,주말
654,2021,2021-09-19,20.0,추석,D-2,2.0,서울,부산,368.25,일,주말
655,2021,2021-09-19,21.0,추석,D-2,2.0,서울,부산,345.466,일,주말
656,2021,2021-09-19,22.0,추석,D-2,2.0,서울,부산,381.3165,일,주말
657,2021,2021-09-19,23.0,추석,D-2,2.0,서울,부산,312.3,일,주말
658,2021,2021-09-20,0.0,추석,D-1,3.0,서울,부산,228.716,월,연휴
659,2021,2021-09-20,1.0,추석,D-1,3.0,서울,부산,240.875,월,연휴
660,2021,2021-09-20,2.0,추석,D-1,3.0,서울,부산,243.633,월,연휴
661,2021,2021-09-20,3.0,추석,D-1,3.0,서울,부산,242.0165,월,연휴
662,2021,2021-09-20,4.0,추석,D-1,3.0,서울,부산,254.07766666666663,월,연휴
663,2021,2021-09-20,5.0,추석,D-1,3.0,서울,부산,248.641,월,연휴
664,2021,2021-09-20,6.0,추석,D-1,3.0,서울,부산,251.1495,월,연휴
665,2021,2021-09-20,7.0,추석,D-1,3.0,서울,부산,255.8245,월,연휴
666,2021,2021-09-20,8.0,추석,D-1,3.0,서울,부산,261.233,월,연휴
667,2021,2021-09-20,9.0,추석,D-1,3.0,서울,부산,275.872,월,연휴
668,2021,2021-09-20,10.0,추석,D-1,3.0,서울,부산,288.558,월,연휴
669,2021,2021-09-20,11.0,추석,D-1,3.0,서울,부산,294.608,월,연휴
670,2021,2021-09-20,12.0,추석,D-1,3.0,서울,부산,296.066,월,연휴
671,2021,2021-09-20,13.0,추석,D-1,3.0,서울,부산,295.425,월,연휴
672,2021,2021-09-20,14.0,추석,D-1,3.0,서울,부산,296.583,월,연휴
673,2021,2021-09-20,15.0,추석,D-1,3.0,서울,부산,297.0495,월,연휴
674,2021,2021-09-20,16.0,추석,D-1,3.0,서울,부산,303.2165,월,연휴
675,2021,2021-09-20,17.0,추석,D-1,3.0,서울,부산,298.9915,월,연휴
676,2021,2021-09-20,18.0,추석,D-1,3.0,서울,부산,287.533,월,연휴
677,2021,2021-09-20,19.0,추석,D-1,3.0,서울,부산,274.0245,월,연휴
678,2021,2021-09-20,20.0,추석,D-1,3.0,서울,부산,264.8665,월,연휴
679,2021,2021-09-20,21.0,추석,D-1,3.0,서울,부산,264.5,월,연휴
680,2021,2021-09-20,22.0,추석,D-1,3.0,서울,부산,274.6,월,연휴
681,2021,2021-09-20,23.0,추석,D-1,3.0,서울,부산,246.266,월,연휴
682,2021,2021-09-21,0.0,추석,D,4.0,서울,부산,219.458,화,연휴
683,2021,2021-09-21,1.0,추석,D,4.0,서울,부산,239.0665,화,연휴
684,2021,2021-09-21,2.0,추석,D,4.0,서울,부산,248.5165,화,연휴
685,2021,2021-09-21,3.0,추석,D,4.0,서울,부산,271.52875,화,연휴
686,2021,2021-09-21,4.0,추석,D,4.0,서울,부산,252.408,화,연휴
687,2021,2021-09-21,5.0,추석,D,4.0,서울,부산,267.88866666666667,화,연휴
688,2021,2021-09-21,6.0,추석,D,4.0,서울,부산,282.194,화,연휴
689,2021,2021-09-21,7.0,추석,D,4.0,서울,부산,290.625,화,연휴
690,2021,2021-09-21,8.0,추석,D,4.0,서울,부산,303.416,화,연휴
691,2021,2021-09-21,9.0,추석,D,4.0,서울,부산,294.8745,화,연휴
692,2021,2021-09-21,10.0,추석,D,4.0,서울,부산,301.0,화,연휴
693,2021,2021-09-21,11.0,추석,D,4.0,서울,부산,326.558,화,연휴
694,2021,2021-09-21,12.0,추석,D,4.0,서울,부산,345.9995,화,연휴
695,2021,2021-09-21,13.0,추석,D,4.0,서울,부산,348.42766666666665,화,연휴
696,2021,2021-09-21,14.0,추석,D,4.0,서울,부산,369.9495,화,연휴
697,2021,2021-09-21,15.0,추석,D,4.0,서울,부산,359.2415,화,연휴
698,2021,2021-09-21,16.0,추석,D,4.0,서울,부산,345.858,화,연휴
699,2021,2021-09-21,17.0,추석,D,4.0,서울,부산,337.7245,화,연휴
700,2021,2021-09-21,18.0,추석,D,4.0,서울,부산,327.9995,화,연휴
701,2021,2021-09-21,19.0,추석,D,4.0,서울,부산,319.0333333333333,화,연휴
702,2021,2021-09-21,20.0,추석,D,4.0,서울,부산,348.916,화,연휴
703,2021,2021-09-21,21.0,추석,D,4.0,서울,부산,303.5,화,연휴
704,2021,2021-09-21,22.0,추석,D,4.0,서울,부산,286.183,화,연휴
705,2021,2021-09-21,23.0,추석,D,4.0,서울,부산,279.633,화,연휴
706,2021,2021-09-22,0.0,추석,D+1,5.0,서울,부산,269.3,수,연휴
707,2021,2021-09-22,1.0,추석,D+1,5.0,서울,부산,266.283,수,연휴
708,2021,2021-09-22,2.0,추석,D+1,5.0,서울,부산,263.25,수,연휴
709,2021,2021-09-22,3.0,추석,D+1,5.0,서울,부산,256.383,수,연휴
710,2021,2021-09-22,4.0,추석,D+1,5.0,서울,부산,265.983,수,연휴
711,2021,2021-09-22,5.0,추석,D+1,5.0,서울,부산,240.2995,수,연휴
712,2021,2021-09-22,6.0,추석,D+1,5.0,서울,부산,237.783,수,연휴
713,2021,2021-09-22,7.0,추석,D+1,5.0,서울,부산,268.016,수,연휴
714,2021,2021-09-22,8.0,추석,D+1,5.0,서울,부산,242.083,수,연휴
715,2021,2021-09-22,9.0,추석,D+1,5.0,서울,부산,248.358,수,연휴
716,2021,2021-09-22,10.0,추석,D+1,5.0,서울,부산,247.9995,수,연휴
717,2021,2021-09-22,11.0,추석,D+1,5.0,서울,부산,259.866,수,연휴
718,2021,2021-09-22,12.0,추석,D+1,5.0,서울,부산,262.16633333333334,수,연휴
719,2021,2021-09-22,13.0,추석,D+1,5.0,서울,부산,266.358,수,연휴
720,2021,2021-09-22,14.0,추석,D+1,5.0,서울,부산,270.541,수,연휴
721,2021,2021-09-22,15.0,추석,D+1,5.0,서울,부산,273.558,수,연휴
722,2021,2021-09-22,16.0,추석,D+1,5.0,서울,부산,258.74966666666666,수,연휴
723,2021,2021-09-22,17.0,추석,D+1,5.0,서울,부산,276.816,수,연휴
724,2021,2021-09-22,18.0,추석,D+1,5.0,서울,부산,269.5415,수,연휴
725,2021,2021-09-22,19.0,추석,D+1,5.0,서울,부산,267.333,수,연휴
726,2021,2021-09-22,20.0,추석,D+1,5.0,서울,부산,250.208,수,연휴
727,2021,2021-09-22,21.0,추석,D+1,5.0,서울,부산,277.483,수,연휴
728,2021,2021-09-22,22.0,추석,D+1,5.0,서울,부산,270.683,수,연휴
729,2021,2021-09-22,23.0,추석,D+1,5.0,서울,부산,263.866,수,연휴
730,2021,2021-09-23,0.0,추석,D+2,6.0,서울,부산,225.483,목,평일
731,2021,2021-09-23,5.0,추석,D+2,6.0,서울,부산,,목,평일
732,2021,2021-09-23,6.0,추석,D+2,6.0,서울,부산,227.116,목,평일
733,2021,2021-09-23,7.0,추석,D+2,6.0,서울,부산,236.983,목,평일
734,2021,2021-09-23,8.0,추석,D+2,6.0,서울,부산,218.4,목,평일
735,2021,2021-09-23,9.0,추석,D+2,6.0,서울,부산,215.458,목,평일
736,2021,2021-09-23,10.0,추석,D+2,6.0,서울,부산,225.9495,목,평일
737,2021,2021-09-23,11.0,추석,D+2,6.0,서울,부산,236.3245,목,평일
738,2021,2021-09-23,12.0,추석,D+2,6.0,서울,부산,240.983,목,평일
739,2021,2021-09-23,13.0,추석,D+2,6.0,서울,부산,243.108,목,평일
740,2021,2021-09-23,14.0,추석,D+2,6.0,서울,부산,249.094,목,평일
741,2021,2021-09-23,15.0,추석,D+2,6.0,서울,부산,259.14966666666663,목,평일
742,2021,2021-09-23,16.0,추석,D+2,6.0,서울,부산,263.1665,목,평일
743,2021,2021-09-23,17.0,추석,D+2,6.0,서울,부산,243.616,목,평일
744,2021,2021-09-23,18.0,추석,D+2,6.0,서울,부산,254.216,목,평일
745,2021,2021-09-23,19.0,추석,D+2,6.0,서울,부산,256.516,목,평일
746,2021,2021-09-23,20.0,추석,D+2,6.0,서울,부산,258.8,목,평일
747,2021,2021-09-23,21.0,추석,D+2,6.0,서울,부산,265.433,목,평일
748,2021,2021-09-23,22.0,추석,D+2,6.0,서울,부산,300.65,목,평일
749,2021,2021-09-24,0.0,추석,D+3,7.0,서울,부산,233.333,금,평일
750,2021,2021-09-24,1.0,추석,D+3,7.0,서울,부산,293.716,금,평일
751,2021,2021-09-24,2.0,추석,D+3,7.0,서울,부산,281.9,금,평일
752,2021,2021-09-24,3.0,추석,D+3,7.0,서울,부산,270.1,금,평일
753,2021,2021-09-24,4.0,추석,D+3,7.0,서울,부산,258.283,금,평일
754,2021,2021-09-24,5.0,추석,D+3,7.0,서울,부산,246.466,금,평일
755,2021,2021-09-24,6.0,추석,D+3,7.0,서울,부산,253.183,금,평일
756,2021,2021-09-24,7.0,추석,D+3,7.0,서울,부산,266.566,금,평일
757,2021,2021-09-24,8.0,추석,D+3,7.0,서울,부산,269.316,금,평일
758,2021,2021-09-24,9.0,추석,D+3,7.0,서울,부산,266.5495,금,평일
759,2021,2021-09-24,10.0,추석,D+3,7.0,서울,부산,264.2165,금,평일
760,2021,2021-09-24,11.0,추석,D+3,7.0,서울,부산,269.641,금,평일
761,2021,2021-09-24,12.0,추석,D+3,7.0,서울,부산,271.266,금,평일
762,2021,2021-09-24,13.0,추석,D+3,7.0,서울,부산,266.3415,금,평일
763,2021,2021-09-24,14.0,추석,D+3,7.0,서울,부산,263.083,금,평일
764,2021,2021-09-24,15.0,추석,D+3,7.0,서울,부산,272.441,금,평일
765,2021,2021-09-24,16.0,추석,D+3,7.0,서울,부산,271.983,금,평일
766,2021,2021-09-24,17.0,추석,D+3,7.0,서울,부산,279.772,금,평일
767,2021,2021-09-24,18.0,추석,D+3,7.0,서울,부산,277.775,금,평일
768,2021,2021-09-24,19.0,추석,D+3,7.0,서울,부산,286.816,금,평일
769,2021,2021-09-24,20.0,추석,D+3,7.0,서울,부산,301.116,금,평일
770,2021,2021-09-24,21.0,추석,D+3,7.0,서울,부산,315.433,금,평일
771,2021,2021-09-24,22.0,추석,D+3,7.0,서울,부산,329.733,금,평일
