,날짜,시간,서울기온,서울강수량,서울풍속,서울습도,서울시정,서울지면온도,부산기온,부산강수량,부산풍속,부산습도,부산시정,부산지면온도,대구기온,대구강수량,대구풍속,대구습도,대구시정,대구지면온도,대전기온,대전강수량,대전풍속,대전습도,대전시정,대전지면온도
0,2017-10-01,00,18.4,,1.3,83,513,15.1,18.6,,1.1,60,2000,15.5,14.6,,0.5,84,1811,12.5,15.5,,1.0,93,870,14.3
1,2017-10-01,01,18.0,,1.6,81,582,15.2,18.1,,2.1,44,2000,14.7,13.9,,1.2,88,1785,12.2,14.7,,0.9,95,758,13.7
2,2017-10-01,02,17.9,,1.8,81,561,15.5,17.8,,1.3,56,2000,14.2,13.1,,0.9,86,1625,11.4,14.3,,1.2,95,780,13.3
3,2017-10-01,03,17.7,,1.8,80,532,15.2,17.4,,0.7,51,2000,13.7,12.1,,1.5,92,1317,11.2,13.9,,0.0,95,741,13.5
4,2017-10-01,04,17.5,,1.3,79,604,15.4,16.8,,0.9,54,1865,14.3,12.2,,1.3,95,693,12.0,13.7,,1.2,94,900,13.4
5,2017-10-01,05,17.3,,1.9,79,628,15.5,16.8,,1.0,54,2000,14.6,12.2,,0.5,94,831,12.3,13.7,,0.2,95,802,13.6
6,2017-10-01,06,17.4,,2.0,77,736,15.7,16.8,,0.5,51,2000,14.8,12.2,,1.0,94,866,12.5,13.6,,1.1,91,1975,13.6
7,2017-10-01,07,17.3,,2.7,77,858,15.8,17.1,,0.7,53,2000,15.5,12.0,,0.4,91,1261,12.8,13.6,,0.3,94,1300,13.5
8,2017-10-01,08,17.6,,2.3,72,1030,17.1,18.5,,1.3,62,2000,17.5,12.6,,1.3,89,1379,15.6,14.2,,0.7,94,1385,15.8
9,2017-10-01,09,19.3,,1.5,63,1248,22.2,20.9,,1.6,61,1959,21.0,14.7,,0.4,76,1356,19.6,15.0,,0.0,88,2000,17.2
10,2017-10-01,10,20.5,,1.8,62,1379,22.9,21.5,,1.1,60,1894,22.1,15.8,,1.0,75,1567,23.8,15.9,,1.2,82,2000,18.0
11,2017-10-01,11,20.5,0.0,1.4,59,1502,22.7,22.7,,1.3,64,1935,24.3,17.3,,0.3,64,1685,25.0,16.5,0.0,0.2,81,2000,18.1
12,2017-10-01,12,21.1,0.0,1.3,59,1472,23.8,22.7,,2.3,65,2000,23.3,17.9,,1.4,65,1561,26.6,17.1,0.0,0.9,82,2000,19.0
13,2017-10-01,13,19.5,0.4,3.6,65,1412,20.0,22.5,,2.0,66,2000,23.3,18.1,,1.6,61,1759,24.1,17.9,0.0,0.6,76,2000,20.2
14,2017-10-01,14,18.8,1.1,1.3,73,1105,20.8,22.7,0.0,2.6,64,2000,23.5,18.7,,1.4,62,1322,25.5,18.2,0.0,2.0,81,2000,20.3
15,2017-10-01,15,19.1,0.0,1.2,77,1061,21.6,22.9,0.0,3.1,64,2000,23.6,19.2,0.0,2.7,66,925,23.3,18.0,0.0,1.0,87,1858,19.6
16,2017-10-01,16,18.5,0.0,2.5,73,1224,19.8,23.0,,3.0,63,2000,22.7,19.0,0.0,2.8,67,932,19.8,17.5,0.6,0.6,91,753,18.8
17,2017-10-01,17,18.8,0.0,2.7,70,1784,19.5,22.8,0.0,3.0,62,2000,21.4,19.0,0.0,1.2,64,1293,18.2,16.2,1.3,1.0,92,950,17.6
18,2017-10-01,18,18.5,,1.6,67,1943,18.0,21.1,0.7,2.4,82,1606,20.3,17.7,0.2,0.7,78,1083,17.8,15.9,0.7,1.1,94,403,17.0
19,2017-10-01,19,18.3,,3.9,67,1992,17.2,21.3,0.3,4.7,75,2000,19.8,16.7,0.3,0.6,89,805,17.5,15.5,1.5,0.4,96,348,16.4
20,2017-10-01,20,17.4,0.5,3.3,78,1349,16.7,21.5,0.0,3.7,71,1953,19.5,16.7,0.0,0.5,94,588,17.6,15.4,5.9,0.3,98,248,16.2
21,2017-10-01,21,16.5,0.0,3.9,83,1062,16.2,21.8,0.0,3.9,65,2000,19.2,16.6,0.5,2.4,96,444,17.1,15.5,1.5,0.7,98,179,16.2
22,2017-10-01,22,15.7,0.5,3.7,89,674,15.9,22.2,0.0,5.8,70,1864,19.3,17.4,1.0,2.9,97,461,17.7,15.7,0.7,1.0,98,352,16.3
23,2017-10-01,23,15.5,0.5,3.9,91,445,15.8,20.2,1.0,7.0,84,1170,19.4,17.7,0.0,2.8,97,322,18.0,15.7,3.1,0.7,98,328,16.3
24,2017-10-02,00,15.6,1.0,3.8,92,350,15.9,19.7,3.0,3.5,91,509,19.3,17.7,0.5,3.1,97,449,18.1,15.9,1.2,1.1,98,178,16.4
25,2017-10-02,01,15.9,0.5,3.4,93,412,16.1,19.0,5.4,4.2,91,706,18.9,17.6,0.4,2.6,98,293,18.1,16.0,0.4,0.8,98,328,16.5
26,2017-10-02,02,16.1,0.5,2.6,93,349,16.3,19.0,4.0,4.8,92,564,18.8,17.9,0.6,2.3,98,448,18.2,16.2,0.4,0.8,98,414,16.6
27,2017-10-02,03,16.3,0.5,2.8,93,1143,16.4,19.0,3.5,5.0,93,611,18.8,17.6,6.5,1.7,98,201,18.2,16.3,0.3,0.8,98,284,16.7
28,2017-10-02,04,16.5,0.0,2.4,92,1948,16.5,19.2,11.6,3.2,95,117,19.0,17.9,1.0,0.5,98,503,18.4,16.5,0.2,0.7,98,269,16.7
29,2017-10-02,05,16.7,,0.4,89,2000,16.8,19.3,37.5,1.7,97,81,19.3,18.0,1.0,0.4,98,224,18.5,16.4,0.5,0.9,98,149,16.8
30,2017-10-02,06,17.0,,0.8,90,2000,17.0,19.9,28.5,3.6,97,145,19.7,18.1,1.5,0.7,98,265,18.6,16.4,0.9,1.0,98,280,16.7
31,2017-10-02,07,16.9,,0.9,87,1976,17.1,20.2,11.2,1.6,97,632,19.9,18.1,7.0,0.6,98,183,18.9,16.4,0.3,1.1,98,422,16.9
32,2017-10-02,08,17.8,,1.7,77,2000,17.2,20.7,2.2,1.3,97,228,20.5,18.2,0.0,1.8,98,1135,20.1,16.8,0.0,1.1,98,392,18.0
33,2017-10-02,09,20.5,,2.0,69,1951,21.7,21.1,0.7,0.0,97,202,21.2,18.7,,0.7,98,2000,21.8,17.0,0.0,1.3,98,506,18.7
34,2017-10-02,10,23.1,,1.9,62,2000,26.8,21.2,0.0,3.4,97,765,22.8,19.1,,0.3,97,1108,22.7,17.5,,0.3,98,996,19.6
35,2017-10-02,11,24.9,,1.6,52,2000,30.6,21.8,,2.9,97,1466,25.0,20.5,,1.3,92,820,30.8,18.6,,1.1,96,1568,22.0
36,2017-10-02,12,26.4,,2.2,47,2000,32.5,22.2,,4.4,94,1328,26.1,21.3,,0.7,88,753,28.2,20.3,,0.8,91,1987,25.7
37,2017-10-02,13,27.4,,3.7,44,2000,32.3,23.5,,2.9,88,1741,29.0,22.0,,1.4,83,1059,28.1,21.8,,1.3,84,2000,27.2
38,2017-10-02,14,28.0,,2.5,40,2000,31.9,23.7,,2.6,86,1824,28.4,22.7,,1.7,79,1967,29.4,22.4,,0.8,83,2000,26.3
39,2017-10-02,15,29.0,,1.5,35,2000,30.4,25.5,,3.4,78,2000,30.4,23.4,,1.7,76,2000,28.7,22.2,,0.1,88,2000,24.0
40,2017-10-02,16,28.9,,3.1,35,2000,27.3,24.0,,2.4,80,2000,26.2,23.2,,2.2,76,2000,26.1,23.3,,0.6,82,2000,26.2
41,2017-10-02,17,27.7,,2.8,40,2000,24.1,23.5,,3.5,77,2000,23.8,22.7,,1.6,78,2000,23.8,22.9,,0.4,83,2000,24.0
42,2017-10-02,18,25.8,,3.4,47,2000,21.7,22.6,,3.3,80,2000,22.6,22.7,,0.7,81,2000,22.6,22.4,,0.6,85,2000,22.3
43,2017-10-02,19,24.4,,1.9,53,2000,20.2,22.2,,3.2,80,2000,21.8,21.8,,0.8,87,2000,21.8,21.7,,0.9,90,2000,21.1
44,2017-10-02,20,23.0,,4.3,59,2000,19.0,22.0,,3.2,79,2000,21.3,21.5,,0.8,90,2000,21.5,21.0,,0.4,90,2000,19.9
45,2017-10-02,21,21.9,,4.8,57,2000,18.1,21.8,,3.1,80,2000,21.0,20.8,,1.9,90,2000,20.4,20.1,,0.1,93,2000,18.8
46,2017-10-02,22,21.0,,1.9,58,1996,17.4,21.5,,2.8,77,2000,20.7,20.3,,0.7,90,2000,19.3,19.5,,0.7,96,1893,18.2
47,2017-10-02,23,20.0,,1.7,63,2000,16.6,21.3,,1.4,74,2000,19.4,19.6,,0.5,95,2000,18.3,18.8,,0.0,97,749,17.3
48,2017-10-03,00,19.0,,3.5,60,2000,15.6,20.6,,2.4,80,2000,19.1,19.3,,0.1,96,1914,19.0,18.2,,0.9,98,283,16.8
49,2017-10-03,01,17.7,,2.6,60,2000,14.7,20.4,,3.4,79,2000,18.8,19.4,,0.7,96,2000,19.6,17.7,,0.1,98,415,16.2
50,2017-10-03,02,16.6,,1.4,59,2000,13.9,20.2,,2.3,80,2000,18.5,19.3,,0.6,95,2000,19.5,16.8,,0.9,98,403,15.8
51,2017-10-03,03,15.7,,2.0,61,2000,13.1,20.1,,2.0,80,2000,19.0,19.1,,0.2,96,2000,18.4,16.4,,0.1,98,402,15.4
52,2017-10-03,04,15.2,,2.1,64,2000,12.5,20.2,,1.9,79,2000,18.8,18.3,,0.4,98,2000,17.4,16.1,,0.7,98,404,15.1
53,2017-10-03,05,14.5,,2.5,54,2000,11.9,19.6,,1.9,82,2000,18.0,18.1,,0.5,98,1352,17.2,15.9,,0.1,98,386,14.7
54,2017-10-03,06,14.1,,2.8,49,2000,11.4,19.3,,1.7,77,2000,17.6,17.4,,0.9,98,1138,16.7,15.6,,0.7,98,338,14.6
55,2017-10-03,07,13.4,,1.4,56,2000,11.5,19.0,,1.9,81,2000,17.9,17.8,,0.6,98,1934,18.0,14.7,,1.3,98,842,14.3
56,2017-10-03,08,14.1,,2.3,48,2000,12.4,20.9,,1.1,67,2000,19.4,18.2,,1.5,95,948,21.9,15.4,,0.0,95,1940,17.0
57,2017-10-03,09,16.0,,2.5,47,2000,17.5,22.8,,2.7,65,1980,23.9,20.2,,1.9,88,1187,30.5,16.9,,0.4,72,2000,21.4
58,2017-10-03,10,19.0,,0.8,45,2000,23.0,24.5,,2.6,61,2000,27.6,21.5,,2.1,78,2000,37.9,18.3,,1.0,61,2000,24.7
59,2017-10-03,11,20.3,,1.4,56,2000,22.1,24.8,,2.7,62,2000,35.5,22.8,,3.7,66,2000,38.9,20.1,,1.0,60,2000,29.1
60,2017-10-03,12,21.8,,1.8,46,2000,28.3,23.3,,2.4,73,1988,29.7,23.2,,4.8,63,2000,37.6,21.0,,1.6,60,2000,30.2
61,2017-10-03,13,22.7,,1.1,53,1982,28.8,23.8,,3.0,68,1959,34.0,22.8,,4.7,59,1986,35.2,22.5,,0.8,61,2000,31.9
62,2017-10-03,14,23.2,,0.9,48,2000,29.7,23.9,,2.8,63,2000,37.8,22.7,,4.9,59,2000,34.1,22.3,,1.4,62,2000,28.5
63,2017-10-03,15,22.9,,2.4,51,2000,27.1,23.7,,3.4,63,1954,32.7,22.5,,5.3,58,2000,32.3,22.0,,1.6,62,2000,27.0
64,2017-10-03,16,21.7,,2.4,55,2000,24.2,22.3,,3.8,65,2000,24.1,21.2,,6.6,61,1971,26.3,21.3,,1.4,66,2000,24.8
65,2017-10-03,17,20.7,,3.1,55,2000,22.0,21.1,,3.5,71,2000,22.1,20.2,,4.8,66,1999,22.6,20.2,,2.2,67,2000,21.6
66,2017-10-03,18,19.5,,4.1,47,2000,19.6,20.2,,3.6,72,1576,20.0,19.0,,5.0,72,2000,19.4,19.0,,0.7,71,2000,19.6
67,2017-10-03,19,18.0,,3.6,46,2000,17.6,19.7,,3.1,74,2000,19.1,18.5,,4.3,75,2000,18.4,18.0,,0.8,77,2000,18.6
68,2017-10-03,20,17.2,,4.5,47,2000,16.3,19.7,,3.1,76,2000,19.3,17.7,,3.9,79,2000,17.9,17.7,,1.0,76,1950,18.0
69,2017-10-03,21,16.5,,3.1,48,2000,15.2,19.5,0.0,3.4,76,2000,19.0,17.6,,4.2,78,2000,17.8,17.2,,0.8,80,1937,17.4
70,2017-10-03,22,16.0,,3.2,47,1967,14.4,19.3,0.0,2.2,76,2000,19.0,17.5,,4.2,77,2000,17.7,16.6,,0.8,83,1937,16.4
71,2017-10-03,23,15.1,,2.1,47,2000,13.6,18.9,,3.0,80,2000,18.6,17.2,,3.4,79,2000,17.5,15.9,,0.7,87,1950,16.1
72,2017-10-04,00,14.1,,1.2,49,2000,12.3,18.8,,2.3,78,2000,18.6,17.2,,2.5,80,2000,17.5,15.6,,0.6,87,1962,15.7
73,2017-10-04,01,13.4,,1.8,49,2000,11.6,18.2,0.0,3.5,85,1204,18.1,17.1,,2.7,81,2000,17.4,15.1,,1.1,86,1937,15.2
74,2017-10-04,02,12.5,,2.0,49,2000,11.2,17.5,0.0,2.9,88,1995,17.6,17.1,,2.3,81,2000,17.4,14.1,,1.2,76,2000,14.3
75,2017-10-04,03,12.1,,1.2,52,2000,10.8,17.5,,3.3,86,2000,17.2,17.1,,1.8,81,2000,17.4,13.4,,0.8,74,2000,13.5
76,2017-10-04,04,11.6,,1.5,56,2000,10.1,17.5,,3.4,85,2000,17.2,16.9,,2.0,83,2000,17.3,13.0,,1.2,76,2000,12.6
77,2017-10-04,05,11.2,,1.6,59,2000,9.5,17.6,,2.8,82,2000,17.1,16.9,,2.0,83,2000,17.2,12.3,,1.3,73,2000,12.0
78,2017-10-04,06,10.8,,0.5,61,2000,8.9,17.5,,2.9,82,2000,16.6,16.8,,1.4,83,2000,17.2,11.9,,0.7,79,2000,11.7
79,2017-10-04,07,10.7,,1.2,65,2000,8.9,17.6,,3.6,81,2000,17.0,16.9,,1.5,84,2000,17.5,12.2,,0.6,81,2000,13.2
80,2017-10-04,08,11.8,,0.4,54,2000,10.3,18.5,,3.3,77,2000,18.1,17.2,,1.8,82,2000,19.8,13.7,,0.6,77,2000,15.8
81,2017-10-04,09,15.2,,2.4,47,2000,15.6,19.1,,3.4,74,2000,21.0,17.8,,3.4,75,2000,21.3,15.8,,1.3,74,2000,20.5
82,2017-10-04,10,18.0,,2.4,43,2000,23.1,20.2,,3.6,70,2000,24.0,18.6,,4.3,66,2000,23.3,17.7,,1.1,72,2000,24.6
83,2017-10-04,11,19.9,,2.3,41,2000,29.1,21.0,,3.4,62,2000,27.1,19.3,,5.2,62,2000,31.3,20.2,,1.0,69,2000,28.9
84,2017-10-04,12,21.7,,1.9,38,1987,33.0,23.5,,3.0,54,2000,42.8,20.5,,5.1,58,1998,34.5,20.7,,1.1,64,2000,30.0
85,2017-10-04,13,23.6,,1.9,34,1985,35.1,21.2,,3.6,59,2000,29.3,20.4,,4.9,56,2000,32.0,21.5,,2.3,58,2000,27.7
86,2017-10-04,14,24.2,,1.4,33,2000,34.9,22.2,,3.9,56,2000,35.9,20.6,,4.9,53,2000,31.2,22.8,,1.7,53,2000,30.1
87,2017-10-04,15,22.7,,1.3,36,2000,28.5,21.5,,3.7,54,2000,29.0,20.4,,5.0,55,1997,28.4,22.8,,1.9,45,2000,29.2
88,2017-10-04,16,22.3,,0.4,34,2000,25.3,20.0,,4.7,58,2000,23.4,19.8,,5.0,56,1992,27.3,22.1,,1.5,52,2000,25.3
89,2017-10-04,17,20.9,,3.2,44,2000,22.8,19.2,,3.7,62,2000,20.1,18.7,,6.6,56,2000,19.7,21.3,,1.4,56,2000,22.3
90,2017-10-04,18,19.2,,4.4,46,2000,19.6,18.7,,3.4,63,2000,18.3,18.1,,3.7,58,2000,18.0,20.0,,1.5,63,2000,19.3
91,2017-10-04,19,18.2,,1.6,50,2000,17.3,18.4,,3.3,64,2000,17.4,17.6,,4.3,59,2000,17.0,19.4,,1.5,67,2000,18.2
92,2017-10-04,20,17.4,,0.9,54,2000,16.3,18.2,,3.8,63,2000,16.9,17.3,,3.1,62,2000,16.5,18.9,,2.4,71,2000,17.6
93,2017-10-04,21,16.8,,0.4,56,2000,15.2,18.1,,3.4,63,2000,16.5,16.9,,2.4,63,2000,16.0,18.3,,3.1,74,2000,16.9
94,2017-10-04,22,16.1,,2.1,49,2000,14.1,17.8,,2.0,64,2000,16.8,16.5,,2.0,66,2000,15.5,17.6,,2.6,76,2000,16.5
95,2017-10-04,23,15.7,,2.7,47,2000,13.7,17.6,,2.1,66,2000,16.4,15.8,,1.3,71,2000,14.9,17.1,,3.2,76,2000,15.9
96,2017-10-05,00,15.4,,2.8,52,2000,13.2,17.5,,2.0,66,2000,16.0,15.6,,1.8,71,2000,14.7,16.7,,4.4,75,2000,15.5
97,2017-10-05,01,15.2,,2.9,57,2000,12.9,17.4,,2.8,65,2000,15.9,15.4,,1.4,73,2000,14.7,16.5,,3.4,73,2000,15.2
98,2017-10-05,02,15.0,,2.6,60,2000,12.7,17.3,,2.8,65,2000,15.6,15.1,,1.6,75,2000,14.1,16.1,,3.4,75,2000,14.8
99,2017-10-05,03,14.7,,2.1,65,2000,12.3,17.4,,2.6,64,2000,15.5,14.7,,0.2,78,2000,13.4,16.0,,3.8,76,2000,14.8
100,2017-10-05,04,14.3,,2.7,68,2000,12.0,17.4,,2.9,67,2000,15.6,14.1,,1.2,85,2000,13.7,15.6,,3.0,77,2000,14.2
101,2017-10-05,05,14.1,,2.9,69,2000,11.8,17.3,,3.2,68,2000,15.5,13.7,,0.6,89,2000,13.7,15.6,,2.9,78,2000,14.4
102,2017-10-05,06,13.9,,2.6,69,2000,11.6,17.2,,3.1,69,2000,15.8,13.5,,0.7,91,2000,13.9,15.7,,3.7,77,2000,14.6
103,2017-10-05,07,13.9,,3.2,68,2000,11.7,17.8,0.0,3.4,67,2000,16.5,14.1,,0.9,88,1927,15.2,15.5,,2.8,77,2000,14.5
104,2017-10-05,08,15.1,,2.8,63,2000,12.7,19.0,,4.0,63,2000,18.0,15.3,,0.5,82,1937,19.2,16.7,,4.4,74,2000,17.0
105,2017-10-05,09,17.5,,2.2,56,2000,17.9,19.1,0.0,4.0,65,2000,18.3,15.7,,0.8,78,1993,21.1,18.3,,3.3,71,2000,21.0
106,2017-10-05,10,19.8,,2.1,53,2000,24.8,20.1,,4.7,60,2000,22.5,16.6,,2.0,75,1973,24.4,20.2,,4.2,65,2000,25.4
107,2017-10-05,11,21.0,,1.9,49,2000,26.6,21.2,,4.1,55,2000,27.6,18.1,,2.7,71,1989,28.3,20.7,,5.7,62,2000,26.3
108,2017-10-05,12,22.5,,3.0,46,2000,31.4,22.1,,3.3,53,2000,31.8,19.4,,4.5,59,2000,28.3,20.8,,5.5,63,2000,26.4
109,2017-10-05,13,23.0,,1.5,45,2000,30.9,21.3,,3.6,57,2000,29.4,20.0,,3.8,53,2000,27.2,21.0,,5.5,63,2000,25.4
110,2017-10-05,14,23.3,,1.4,47,1986,29.2,20.8,,4.4,55,2000,26.7,19.6,,3.2,55,2000,23.4,20.5,,3.9,64,2000,23.1
111,2017-10-05,15,22.6,,1.9,48,2000,26.9,20.0,,3.2,62,2000,22.8,18.9,,3.8,59,2000,21.7,20.3,,3.1,64,2000,22.3
112,2017-10-05,16,21.9,,2.2,48,2000,24.7,19.2,,4.6,62,2000,20.3,18.4,,3.6,59,2000,19.8,19.8,,3.2,67,2000,20.5
113,2017-10-05,17,21.2,,1.2,52,2000,22.4,18.7,,3.7,61,2000,18.4,18.0,,2.6,58,2000,18.3,19.0,,3.0,69,2000,18.9
114,2017-10-05,18,20.5,,2.3,53,2000,20.1,18.3,,2.7,63,2000,17.7,17.6,,1.6,60,2000,17.0,18.5,,2.9,70,2000,17.9
115,2017-10-05,19,20.1,,2.1,55,2000,18.8,17.9,,2.7,65,2000,17.2,17.2,,1.0,60,2000,16.2,18.2,,2.7,70,1957,17.3
116,2017-10-05,20,19.7,,0.3,59,2000,18.1,18.2,0.0,2.5,66,2000,17.1,16.9,,1.0,67,2000,16.1,18.0,,2.7,72,2000,17.0
117,2017-10-05,21,19.3,,1.8,55,2000,17.5,17.4,0.2,2.7,78,1871,16.3,16.6,,0.2,68,2000,15.8,17.7,,3.0,72,2000,16.4
118,2017-10-05,22,19.1,,1.6,54,2000,17.2,17.3,0.2,3.0,80,1683,16.3,16.2,,0.5,72,2000,16.0,17.3,,2.8,71,2000,16.0
119,2017-10-05,23,18.6,,1.8,56,2000,16.8,17.6,0.4,4.4,81,1419,16.3,15.5,0.0,0.5,80,2000,15.6,16.9,,2.6,71,2000,15.7
120,2017-10-06,00,18.2,,1.4,59,2000,16.6,17.0,0.7,2.2,89,1298,16.6,15.2,0.1,0.6,85,2000,15.3,16.7,,2.1,71,2000,15.7
121,2017-10-06,01,17.9,,1.4,59,2000,16.2,16.5,0.9,1.4,92,1055,16.5,14.8,0.1,0.3,90,2000,15.4,16.5,,1.7,72,2000,15.4
122,2017-10-06,02,17.5,,1.5,59,2000,16.0,16.7,0.6,1.0,91,1619,16.9,14.5,0.0,1.1,91,2000,15.3,16.2,0.0,2.7,73,2000,15.0
123,2017-10-06,03,17.2,,2.4,67,2000,16.0,16.5,0.5,3.1,92,1553,16.6,14.4,,2.4,94,2000,15.1,15.5,,1.2,80,2000,14.4
124,2017-10-06,04,16.7,,2.1,67,2000,14.9,16.6,0.1,3.2,93,2000,16.4,14.7,,0.7,88,2000,15.3,15.2,,0.8,83,2000,14.4
125,2017-10-06,05,16.2,,2.0,65,2000,14.5,16.6,0.1,3.9,93,2000,16.6,14.7,,0.2,87,2000,15.5,15.1,,0.1,84,2000,14.7
126,2017-10-06,06,16.3,,2.3,66,2000,14.8,16.9,0.0,3.6,92,1838,16.8,14.3,0.4,0.8,94,1234,15.5,15.2,,0.7,84,2000,14.8
127,2017-10-06,07,16.3,,1.5,67,2000,15.1,17.0,0.4,2.8,92,1721,17.1,14.3,0.5,0.7,94,1497,15.2,15.2,,0.8,86,2000,15.0
128,2017-10-06,08,17.5,,2.7,60,2000,15.1,17.1,0.5,2.9,95,1272,17.5,14.2,0.0,0.4,94,1419,15.7,15.4,,0.8,85,2000,15.5
129,2017-10-06,09,20.0,,3.0,58,2000,20.8,17.3,2.3,3.5,96,501,18.0,14.3,0.5,0.1,96,773,16.3,15.9,0.0,0.4,84,1987,16.7
130,2017-10-06,10,21.8,,2.2,51,2000,27.6,17.7,2.8,3.8,97,751,19.3,14.3,1.5,0.3,98,454,16.5,15.8,0.6,0.0,90,622,18.1
131,2017-10-06,11,23.1,,2.5,48,2000,30.7,18.0,0.2,2.4,96,322,19.9,14.7,3.0,1.3,98,558,17.2,16.1,0.7,0.1,93,1077,19.1
132,2017-10-06,12,23.1,,2.6,47,2000,30.2,18.6,0.3,1.9,96,906,20.9,15.9,0.0,1.3,97,1040,18.9,17.4,0.1,0.7,89,2000,22.5
133,2017-10-06,13,21.5,,3.7,55,2000,25.4,19.5,0.3,2.0,95,746,22.9,16.1,0.5,1.9,97,1331,18.6,17.9,0.0,0.4,90,1691,21.3
134,2017-10-06,14,20.2,,3.0,61,2000,23.0,19.7,,1.3,95,1533,23.2,16.5,0.0,2.4,94,1963,20.1,18.3,0.1,0.8,88,2000,21.7
135,2017-10-06,15,20.0,,2.7,63,2000,22.8,20.5,,2.1,96,1245,26.4,16.9,,2.1,93,1672,20.3,18.5,0.0,0.9,89,2000,21.8
136,2017-10-06,16,19.9,,1.7,63,2000,21.9,20.6,,1.5,91,1938,23.7,17.4,,2.1,91,1857,21.7,18.3,0.0,1.0,88,2000,20.4
137,2017-10-06,17,19.6,,2.2,64,2000,21.0,20.4,,1.8,91,1986,23.0,17.7,,1.1,90,2000,21.2,18.4,,1.7,88,2000,20.1
138,2017-10-06,18,19.2,,1.8,64,1970,19.8,20.2,,1.3,88,2000,20.9,17.4,,1.1,91,1942,18.6,18.1,,0.6,90,2000,18.6
139,2017-10-06,19,18.9,,2.5,66,2000,19.0,19.2,,1.2,93,1584,19.4,17.6,,0.7,91,1871,18.3,17.5,,0.7,93,2000,17.7
140,2017-10-06,20,18.5,0.0,3.2,73,2000,18.0,19.2,,0.8,89,2000,19.4,17.5,,0.6,92,1526,18.1,17.6,,0.9,94,2000,17.9
141,2017-10-06,21,18.4,0.0,2.5,76,2000,18.0,19.4,,0.8,90,1996,19.6,17.5,,1.0,92,1469,18.0,17.6,,0.6,95,2000,17.8
142,2017-10-06,22,17.7,0.0,2.8,86,889,17.4,19.6,,0.3,89,1870,19.5,17.7,,1.6,91,1425,18.0,17.4,,0.7,94,1975,17.6
143,2017-10-06,23,17.1,0.4,2.7,91,728,17.0,19.3,,0.8,90,1982,18.8,17.6,,0.8,93,1161,18.1,17.4,,0.0,95,1987,17.6
144,2017-10-07,00,17.0,0.1,2.6,90,2000,16.9,18.9,,1.4,92,1274,18.8,17.6,,1.2,93,1084,18.0,17.3,,0.9,94,1383,17.4
145,2017-10-07,01,17.1,0.0,1.2,90,2000,17.0,19.1,,0.5,89,1802,19.0,17.4,,0.6,95,1185,18.1,17.3,,0.1,94,1100,17.5
146,2017-10-07,02,17.1,0.0,1.2,89,2000,16.9,18.8,,1.7,91,1465,19.0,17.4,,0.4,95,1109,18.0,17.2,,0.0,95,1020,17.3
147,2017-10-07,03,17.2,0.0,1.3,87,2000,16.8,18.8,,1.0,90,1417,18.7,17.4,,0.3,95,1087,18.0,17.2,,0.0,95,756,17.5
148,2017-10-07,04,17.1,,0.3,89,2000,16.5,18.8,,3.1,90,1787,18.7,17.4,,0.5,96,882,17.9,17.2,,0.0,96,387,17.5
149,2017-10-07,05,17.1,,0.0,85,2000,16.7,18.7,,0.2,90,1885,18.5,17.2,,1.0,96,652,17.9,17.1,0.0,0.1,97,209,17.2
150,2017-10-07,06,17.0,,1.8,86,2000,16.6,18.5,,1.7,91,1968,17.5,17.3,,0.2,97,683,18.0,17.0,0.0,0.0,98,173,17.2
151,2017-10-07,07,17.0,,0.6,87,2000,16.8,18.7,,1.7,87,2000,17.8,17.4,,0.2,95,633,18.2,17.0,0.0,0.0,98,231,17.3
152,2017-10-07,08,17.5,,0.2,83,2000,18.5,20.6,,1.5,80,1957,20.0,17.8,,0.4,94,740,19.7,17.4,0.0,0.0,97,519,18.7
153,2017-10-07,09,18.8,,1.5,75,2000,21.3,22.6,,2.3,75,1982,25.1,18.9,,0.8,89,951,24.4,18.2,,0.4,94,1260,21.3
154,2017-10-07,10,20.5,,1.0,69,2000,24.5,23.3,,1.2,72,1960,27.3,20.8,,0.9,83,1161,31.5,19.1,,0.4,88,1370,24.0
155,2017-10-07,11,22.9,,0.8,58,2000,31.6,25.2,,1.5,68,1961,32.5,21.7,,1.6,77,1893,39.7,20.4,,0.9,82,1716,26.0
156,2017-10-07,12,25.5,,2.1,54,2000,35.9,24.4,,1.3,72,2000,29.2,22.2,,1.5,73,1988,32.6,22.1,,2.3,79,1835,29.4
157,2017-10-07,13,26.4,,1.2,48,2000,37.6,23.9,,1.5,72,2000,27.1,22.8,,2.4,71,1950,34.8,22.8,,0.9,75,2000,32.1
158,2017-10-07,14,27.3,,1.7,46,2000,37.4,23.8,,2.4,74,1953,26.6,23.7,,2.4,66,1980,35.8,23.6,,1.4,69,2000,30.8
159,2017-10-07,15,28.3,,1.3,45,2000,37.2,24.0,,1.7,74,2000,27.7,23.4,,3.0,69,2000,30.8,24.1,,1.7,68,2000,29.1
160,2017-10-07,16,27.0,,0.8,49,2000,31.4,23.2,,2.3,77,2000,25.6,23.4,,3.1,69,2000,27.2,24.6,,2.3,67,2000,28.7
161,2017-10-07,17,25.8,,1.3,52,2000,27.6,22.4,,1.9,78,2000,23.3,23.1,,3.0,67,2000,24.6,23.5,,2.5,70,2000,24.2
162,2017-10-07,18,25.0,,1.0,54,2000,25.1,22.0,,1.5,80,1933,22.1,22.4,,3.4,69,2000,22.2,22.5,,1.2,73,2000,21.3
163,2017-10-07,19,23.4,,1.5,65,2000,22.7,21.3,,1.7,82,2000,20.2,21.0,,2.7,77,2000,19.7,21.3,,1.2,77,2000,20.0
164,2017-10-07,20,22.5,,2.1,68,2000,21.5,20.5,,2.5,82,2000,19.2,20.4,,3.2,82,2000,19.0,20.5,,0.3,85,2000,19.4
165,2017-10-07,21,22.1,,0.8,69,2000,20.4,20.0,,2.0,82,2000,18.5,19.6,,2.2,88,2000,18.2,19.9,,0.4,89,2000,18.8
166,2017-10-07,22,21.8,,0.8,70,2000,20.1,19.7,,2.9,85,2000,18.0,19.1,,2.5,91,2000,18.2,18.9,,1.6,93,2000,17.8
167,2017-10-07,23,21.5,,1.4,72,2000,20.1,19.5,,2.6,86,2000,17.8,18.9,,2.1,92,2000,18.0,18.4,,1.8,95,2000,17.5
168,2017-10-08,00,21.4,,0.4,71,2000,20.0,19.3,,2.9,88,2000,17.6,18.9,,1.0,93,1905,18.5,18.2,,0.0,95,2000,17.3
169,2017-10-08,01,21.2,,0.8,73,2000,19.6,19.4,,2.4,88,2000,17.8,18.8,,0.2,93,1977,19.0,18.1,,0.0,95,2000,17.4
170,2017-10-08,02,21.1,,1.1,73,2000,19.2,20.0,,2.1,81,2000,18.1,18.0,,0.2,95,1940,17.2,17.8,,1.5,97,2000,17.1
171,2017-10-08,03,20.8,,1.0,77,2000,18.8,19.5,,1.0,85,2000,17.3,18.2,,0.3,96,1761,18.3,17.4,,0.0,97,1776,16.4
172,2017-10-08,04,20.4,,0.7,80,2000,17.6,19.0,,0.9,85,2000,16.9,18.0,,0.8,95,2000,18.1,17.0,,0.4,98,1802,16.0
173,2017-10-08,05,19.8,,1.3,81,2000,17.0,18.8,,0.2,85,2000,16.7,17.3,,1.1,97,716,16.4,16.6,,1.2,98,1987,15.6
174,2017-10-08,06,19.7,,0.5,82,2000,17.3,18.4,,1.4,88,2000,16.4,16.9,,0.2,98,825,15.6,16.7,,0.0,98,1829,16.0
175,2017-10-08,07,19.3,,1.4,84,2000,16.8,18.7,,1.0,84,2000,16.7,16.9,,0.5,98,658,17.1,16.5,,0.1,98,1927,15.6
176,2017-10-08,08,20.4,,1.4,75,2000,19.4,21.5,,1.9,74,2000,19.4,17.3,,0.7,98,522,19.7,17.5,,0.1,98,2000,18.8
177,2017-10-08,09,22.6,,0.8,65,1979,24.2,23.5,,3.0,70,1967,23.8,18.8,,0.6,92,870,26.3,18.9,,0.0,93,2000,22.3
178,2017-10-08,10,24.6,,1.3,58,1949,29.5,25.1,,2.8,68,2000,28.7,20.9,,1.3,84,802,36.0,21.2,,1.2,82,2000,27.4
179,2017-10-08,11,25.6,,2.0,56,2000,33.9,24.4,,2.1,71,2000,27.2,22.5,,1.7,73,1587,38.1,23.2,,0.8,76,2000,31.1
180,2017-10-08,12,26.2,,2.3,52,2000,36.9,25.5,,3.8,66,2000,36.6,25.0,,1.1,60,1980,42.2,24.1,,1.3,68,2000,28.5
181,2017-10-08,13,27.6,,2.0,48,1975,41.0,25.8,,3.5,66,2000,39.1,25.9,,1.5,54,1994,41.6,25.4,,0.7,62,2000,32.5
182,2017-10-08,14,28.3,,2.0,43,1985,40.5,26.2,,4.0,68,2000,37.6,26.5,,1.7,44,2000,41.0,26.7,,1.7,56,2000,34.3
183,2017-10-08,15,28.3,,3.0,45,1892,37.8,25.4,,3.5,70,2000,29.6,27.1,,0.7,42,1974,40.6,26.3,,1.4,59,2000,31.4
184,2017-10-08,16,26.5,,2.8,50,2000,31.6,24.5,,1.8,71,2000,25.4,27.4,,0.6,42,2000,38.1,26.3,,1.2,57,2000,29.0
185,2017-10-08,17,26.0,,2.8,53,2000,29.2,23.4,,2.4,76,2000,23.1,26.0,,1.1,48,2000,26.9,25.4,,1.0,62,2000,25.3
186,2017-10-08,18,23.9,,2.6,66,1975,24.4,22.5,,2.0,79,2000,21.6,24.5,,0.5,58,2000,22.7,23.6,,1.0,72,2000,22.5
187,2017-10-08,19,22.6,,2.2,69,1830,22.3,22.1,,1.5,81,2000,20.7,22.1,,0.5,74,2000,20.5,22.2,,1.2,81,2000,20.8
188,2017-10-08,20,22.2,,1.4,69,1697,21.7,21.9,,1.2,79,2000,20.1,21.1,,1.1,78,2000,19.6,21.4,,0.2,82,2000,19.9
189,2017-10-08,21,21.8,,1.3,72,1324,20.2,21.2,,1.7,84,2000,19.5,20.8,,0.8,79,2000,20.3,20.7,,0.0,87,2000,19.3
190,2017-10-08,22,21.1,,0.7,74,1271,19.0,20.9,,1.3,84,2000,19.1,19.8,,0.9,83,2000,18.8,20.1,,1.5,90,1987,18.8
191,2017-10-08,23,20.8,,0.6,74,1287,19.5,20.6,,1.0,84,2000,18.7,18.8,,1.4,90,1590,18.1,19.4,,0.8,92,1900,18.2
192,2018-09-21,00,18.9,,2.1,78,2000,18.4,20.7,,2.5,83,2000,20.6,20.0,,0.8,85,2000,20.5,20.6,,3.4,82,2000,19.7
193,2018-09-21,01,19.0,,1.6,78,2000,18.4,20.6,,2.9,83,2000,20.3,20.1,,0.6,85,1955,20.6,20.6,0.0,2.9,82,1934,19.7
194,2018-09-21,02,19.1,0.0,1.3,78,2000,18.5,20.6,,2.3,83,2000,20.7,19.9,,1.0,87,2000,20.5,20.7,0.0,3.4,81,2000,19.5
195,2018-09-21,03,18.5,1.5,1.2,88,659,18.4,20.7,,2.4,83,2000,20.2,19.8,,0.2,88,1948,20.5,20.3,0.0,0.8,87,1896,19.7
196,2018-09-21,04,17.9,2.5,1.7,95,1298,18.3,20.9,,3.2,82,2000,20.5,19.8,,1.7,88,2000,20.5,19.5,4.4,1.0,94,302,19.2
197,2018-09-21,05,17.8,0.5,1.8,93,2000,18.2,20.8,,2.5,85,2000,20.6,19.7,0.0,1.4,88,1833,20.4,19.0,5.3,0.8,97,612,19.2
198,2018-09-21,06,17.6,1.5,1.7,95,974,18.1,20.7,,2.7,86,2000,20.5,19.7,0.0,1.5,89,1689,20.3,19.0,1.6,0.7,98,339,19.3
199,2018-09-21,07,17.6,5.0,1.7,96,310,18.0,21.0,,2.3,86,2000,21.0,19.8,0.2,2.5,90,1908,20.5,18.9,2.5,0.7,98,477,19.3
200,2018-09-21,08,17.8,4.0,2.0,97,1284,18.6,21.4,,2.0,86,1992,21.7,19.6,0.3,2.3,93,322,20.8,18.9,3.0,1.0,98,527,19.6
201,2018-09-21,09,18.2,1.0,1.3,96,1251,19.3,21.6,,3.2,91,1408,22.1,19.7,3.5,2.3,94,421,21.2,19.0,5.9,0.9,98,569,20.0
202,2018-09-21,10,18.4,1.0,2.0,96,1124,20.0,21.3,0.6,2.8,96,419,22.9,19.8,7.0,1.1,95,223,21.6,19.1,4.0,1.3,98,730,21.0
203,2018-09-21,11,18.9,0.5,1.8,91,1938,21.6,21.4,2.0,2.0,97,200,22.7,19.7,9.5,2.3,96,248,21.5,19.3,3.6,0.9,98,1045,21.3
204,2018-09-21,12,19.1,0.0,2.0,91,1971,21.0,21.6,4.0,2.0,98,246,23.2,19.9,5.0,0.5,96,411,22.6,19.8,1.7,0.8,98,660,22.8
205,2018-09-21,13,19.8,0.0,0.9,88,1796,23.6,21.7,5.3,2.5,98,181,23.1,20.1,5.5,1.6,96,378,22.6,20.0,0.5,3.7,97,2000,24.7
206,2018-09-21,14,21.4,0.5,1.4,76,2000,28.6,21.3,7.5,2.1,98,300,22.6,19.6,5.0,1.4,95,580,22.2,20.4,,0.6,92,2000,23.2
207,2018-09-21,15,21.8,,1.4,76,2000,25.5,21.4,6.0,3.7,98,727,22.8,19.6,1.5,1.5,94,465,22.5,20.0,0.0,1.5,93,1308,22.1
208,2018-09-21,16,21.5,,1.2,78,2000,23.3,21.0,1.5,2.8,97,488,22.7,19.7,0.5,0.8,94,790,22.5,20.6,0.4,0.2,95,1780,23.9
209,2018-09-21,17,21.2,,1.2,77,2000,22.5,20.6,0.2,3.9,96,1078,22.2,20.2,0.5,0.6,95,2000,23.0,20.7,,0.3,94,2000,23.3
210,2018-09-21,18,20.9,,0.6,77,2000,21.5,20.3,0.1,4.1,93,2000,21.3,19.9,0.0,0.9,92,2000,22.0,20.4,,1.0,95,2000,21.7
211,2018-09-21,19,20.3,,1.0,81,2000,20.0,20.1,,2.2,92,2000,20.9,19.8,,1.0,92,2000,21.4,20.1,,0.4,96,2000,21.0
212,2018-09-21,20,20.0,,0.4,82,2000,20.0,19.8,,1.7,94,2000,20.9,19.7,0.5,0.8,94,1932,21.3,20.0,,0.0,96,2000,20.5
213,2018-09-21,21,19.9,,0.6,82,2000,19.9,19.7,,1.9,94,2000,20.8,19.1,0.5,1.0,94,685,21.0,19.9,,0.9,98,1987,20.3
214,2018-09-21,22,19.7,,0.5,82,2000,19.3,20.1,,0.6,88,2000,20.8,19.1,0.5,0.4,96,2000,20.9,19.9,,0.8,98,769,20.4
215,2018-09-21,23,19.5,,0.6,82,2000,19.2,19.3,,1.1,95,1617,19.8,19.4,,1.0,95,1603,20.9,19.8,,0.0,98,754,20.1
216,2018-09-22,00,19.5,,1.1,81,2000,18.8,19.3,,3.9,94,2000,19.4,19.5,,1.6,93,1882,20.6,19.4,,0.0,98,406,19.0
217,2018-09-22,01,19.5,,1.5,83,1459,18.9,19.3,,2.1,94,2000,19.5,19.1,,0.9,92,1599,19.9,19.2,,0.6,98,309,19.5
218,2018-09-22,02,19.4,,0.0,85,1533,18.4,19.2,,4.8,92,2000,19.2,19.1,,1.0,93,1284,19.8,18.9,,1.2,98,915,18.6
219,2018-09-22,03,18.8,,1.0,90,1191,17.7,19.3,,3.8,90,1924,19.0,19.2,,0.8,91,1823,19.9,18.7,,0.7,98,699,19.0
220,2018-09-22,04,18.9,0.0,0.8,88,1226,18.9,19.3,,3.2,88,2000,18.5,18.2,,0.5,95,843,18.4,18.3,,0.4,98,448,17.6
221,2018-09-22,05,18.8,6.5,0.2,96,973,18.8,19.2,,3.1,90,2000,18.1,17.8,,0.5,96,650,17.9,18.0,,0.7,98,431,17.5
222,2018-09-22,06,18.4,,0.1,95,752,17.6,19.1,,3.3,89,2000,17.9,17.9,,0.3,96,750,18.6,17.9,,0.6,98,334,17.5
223,2018-09-22,07,18.1,,0.9,96,557,17.5,19.9,,4.4,85,2000,18.8,18.1,,0.7,96,651,19.3,17.7,,0.7,98,232,17.6
224,2018-09-22,08,18.2,,0.0,86,858,18.4,20.5,,5.0,84,2000,20.4,18.1,,1.1,95,426,20.5,18.7,,1.0,98,517,20.4
225,2018-09-22,09,19.7,,1.3,78,740,21.6,20.8,,2.3,82,1985,22.7,19.7,,1.2,89,1126,23.8,20.5,,1.0,94,890,24.9
226,2018-09-22,10,21.8,,1.9,67,878,26.0,23.5,,0.7,66,2000,29.8,21.3,,1.1,80,1003,27.4,22.4,,1.0,81,1688,27.8
227,2018-09-22,11,22.7,,2.7,55,1297,25.2,24.6,,2.7,68,1990,32.5,22.0,,2.1,77,1132,28.0,22.7,,2.4,76,1962,26.7
228,2018-09-22,12,24.2,,2.2,43,1798,29.6,25.9,,1.3,64,2000,35.3,24.5,,2.2,60,1883,29.6,24.6,,1.9,59,2000,32.4
229,2018-09-22,13,24.9,,3.9,32,2000,29.6,26.7,,2.2,58,1999,36.4,25.1,,3.4,50,2000,28.1,25.4,,1.6,52,2000,30.5
230,2018-09-22,14,25.2,,4.4,28,2000,29.3,26.6,,2.9,57,1886,35.1,26.2,,2.7,43,1987,30.2,25.0,,1.7,54,2000,29.1
231,2018-09-22,15,25.4,,3.8,32,1980,28.7,27.2,,3.6,57,1997,33.5,26.2,,2.6,44,1955,29.1,26.0,,1.5,50,2000,30.3
232,2018-09-22,16,25.3,,3.0,38,2000,27.3,25.9,,3.9,67,1979,28.6,26.9,,3.6,31,2000,26.4,25.9,,2.9,44,2000,27.0
233,2018-09-22,17,24.6,,3.6,35,1990,22.7,25.1,,4.3,64,1990,25.7,25.9,,2.5,36,1955,23.7,25.3,,2.2,49,2000,24.7
234,2018-09-22,18,23.2,,2.8,36,2000,19.1,23.8,,2.8,72,2000,24.0,24.5,,2.0,40,2000,21.6,23.5,,2.1,54,2000,20.8
235,2018-09-22,19,21.3,,2.8,43,2000,17.3,22.9,,2.6,74,2000,22.4,23.3,,1.5,44,1909,20.2,21.5,,0.9,65,2000,19.4
236,2018-09-22,20,20.4,,1.2,52,2000,17.0,22.3,,2.1,75,2000,22.0,21.1,,0.8,57,1865,19.8,20.0,,1.1,76,2000,18.4
237,2018-09-22,21,19.4,,0.8,55,2000,16.4,22.0,,0.9,77,1650,21.8,19.8,,1.1,68,2000,19.3,19.4,,0.6,80,2000,17.7
238,2018-09-22,22,18.6,,0.6,62,2000,15.9,21.7,,2.2,78,1741,21.3,18.9,,0.5,74,2000,18.8,18.0,,0.9,86,2000,16.9
239,2018-09-22,23,17.9,,1.0,66,2000,15.4,21.4,,1.9,75,1936,20.6,18.2,,0.8,74,1955,17.9,17.1,,0.1,89,2000,16.3
240,2018-09-23,00,17.2,,0.6,69,2000,15.1,20.9,,0.3,75,1988,19.8,17.4,,0.7,83,1955,17.2,16.3,,0.6,92,2000,15.6
241,2018-09-23,01,16.4,,0.1,66,2000,14.7,20.6,,0.0,76,1952,19.5,16.5,,0.8,85,1912,16.7,15.8,,0.0,93,2000,15.3
242,2018-09-23,02,16.0,,1.3,72,2000,14.7,20.4,,0.4,78,1705,18.8,16.0,,0.1,90,1847,16.2,15.5,,0.9,94,2000,15.0
243,2018-09-23,03,15.8,,0.8,70,2000,15.3,20.3,,1.0,72,1805,18.4,15.4,,0.2,90,1951,15.8,15.1,,0.9,95,2000,14.7
244,2018-09-23,04,16.2,,0.7,69,2000,16.0,20.2,,2.3,68,1960,18.3,15.1,,0.8,94,1045,15.8,15.2,,0.4,95,2000,15.3
245,2018-09-23,05,16.3,,0.8,67,2000,16.3,19.8,,1.3,73,1959,17.9,14.6,,0.8,94,1252,15.3,15.1,,0.3,96,1987,15.0
246,2018-09-23,06,16.5,0.0,1.2,73,2000,16.4,19.5,,1.1,73,1993,18.0,14.5,,0.3,95,1301,15.2,15.0,,0.1,96,1849,15.4
247,2018-09-23,07,16.5,0.0,0.4,74,2000,16.5,19.5,,0.0,74,1993,19.0,15.0,,0.9,94,1301,16.2,15.5,,0.6,96,1827,16.1
248,2018-09-23,08,17.0,,1.2,69,2000,16.9,20.2,,0.7,67,2000,20.4,16.9,,1.1,87,1716,19.1,16.1,,0.0,95,2000,17.9
249,2018-09-23,09,18.4,,1.0,59,1951,20.0,21.4,,0.3,61,2000,22.4,18.0,,1.0,76,1950,22.3,17.8,,1.1,85,2000,21.6
250,2018-09-23,10,19.3,,0.2,59,2000,21.5,23.4,,0.3,60,2000,25.7,20.5,,0.7,64,1953,24.5,20.2,,1.2,75,2000,26.0
251,2018-09-23,11,20.1,,3.0,57,1929,23.3,25.2,,0.9,59,1944,29.9,21.8,,1.3,58,1953,26.7,22.3,,1.7,63,2000,29.1
252,2018-09-23,12,20.8,,1.2,52,1984,23.5,25.4,,2.6,68,1864,29.6,23.7,,1.3,43,2000,29.9,22.9,,1.6,54,2000,26.0
253,2018-09-23,13,22.7,,1.4,44,1913,29.1,26.6,,4.6,67,1619,34.8,24.8,,1.5,40,1954,29.4,24.6,,2.5,51,2000,28.7
254,2018-09-23,14,24.2,,1.2,40,1953,30.6,26.3,,5.4,71,1559,34.1,26.0,,0.9,34,2000,29.6,24.6,,3.1,58,2000,27.5
255,2018-09-23,15,25.0,,2.2,28,2000,29.2,25.5,,5.3,68,1720,31.0,26.4,,1.0,38,1879,28.7,25.0,,2.1,61,2000,27.4
256,2018-09-23,16,24.6,,4.0,29,1988,26.2,25.2,,5.5,67,1890,27.1,26.5,,3.5,38,2000,25.8,24.7,,2.3,66,2000,25.6
257,2018-09-23,17,24.1,,2.4,41,2000,22.4,24.1,,6.6,66,1999,24.4,26.5,,3.1,42,2000,24.1,23.6,,2.4,65,2000,23.5
258,2018-09-23,18,22.3,,2.7,53,2000,19.3,23.6,,4.1,72,1968,23.0,25.6,,2.3,45,2000,22.2,21.7,,1.1,52,2000,20.2
259,2018-09-23,19,21.0,,2.9,54,2000,17.5,23.0,,2.9,70,1995,22.0,23.8,,1.5,56,2000,21.1,19.7,,1.3,53,2000,17.6
260,2018-09-23,20,20.2,,3.3,48,2000,16.4,22.5,,3.1,70,1998,21.3,22.9,,2.8,60,1955,20.6,18.5,,1.3,59,2000,16.5
261,2018-09-23,21,19.1,,2.1,38,2000,15.1,22.0,,3.0,72,1996,20.7,22.5,,3.1,47,1958,19.0,17.7,,0.1,65,2000,16.0
262,2018-09-23,22,18.5,,2.5,40,2000,14.3,21.7,,2.8,74,1986,20.1,21.6,,2.7,51,2000,18.1,16.8,,0.6,71,2000,15.2
263,2018-09-23,23,17.7,,1.1,45,2000,14.2,21.3,,1.7,74,1984,20.2,21.1,,3.2,48,1954,17.0,16.2,,0.2,76,2000,14.8
264,2018-09-24,00,17.2,,1.7,50,2000,14.0,20.9,,1.9,75,1803,19.3,20.6,,3.6,48,2000,16.8,15.7,,0.9,80,2000,14.4
265,2018-09-24,01,16.8,,2.0,53,2000,13.7,20.9,,3.5,53,2000,18.2,19.9,,2.2,46,1954,16.5,15.1,,0.9,86,2000,13.9
266,2018-09-24,02,16.1,,0.7,57,2000,13.4,20.7,,2.4,44,2000,17.3,19.6,,2.1,47,1955,16.2,14.6,,0.8,88,2000,13.8
267,2018-09-24,03,15.5,,0.3,63,2000,13.1,20.3,,2.8,41,2000,16.6,19.3,,2.0,51,1954,16.2,14.3,,0.4,91,2000,13.8
268,2018-09-24,04,14.9,,0.9,68,2000,12.7,20.2,,6.6,41,2000,16.1,16.5,,0.6,70,2000,15.9,14.0,,0.2,92,2000,13.6
269,2018-09-24,05,14.4,,0.3,66,2000,12.5,19.8,,7.3,42,2000,15.7,15.9,,1.0,75,1908,15.7,13.9,,0.8,94,1975,13.4
270,2018-09-24,06,14.3,,0.5,66,2000,12.3,19.6,,6.5,42,2000,15.4,15.5,,0.3,79,1910,15.5,13.5,,1.0,94,1749,13.3
271,2018-09-24,07,14.7,,2.1,61,2000,12.4,19.5,,2.0,42,2000,15.9,15.5,,0.6,81,2000,16.1,13.6,,0.3,95,1950,13.8
272,2018-09-24,08,15.4,,2.2,52,1985,12.9,19.5,,2.7,46,2000,17.6,16.3,,0.9,73,1910,17.3,14.5,,0.1,93,2000,16.4
273,2018-09-24,09,17.0,,2.1,43,1993,16.8,19.8,,5.7,49,2000,18.6,17.4,,1.0,71,1910,19.5,15.7,,0.0,87,2000,18.4
274,2018-09-24,10,18.5,,3.3,38,2000,20.9,20.6,,1.9,51,2000,22.1,19.7,,2.1,53,1955,21.6,17.8,,0.6,78,2000,23.8
275,2018-09-24,11,19.4,,4.1,31,1966,24.3,21.5,,2.5,53,2000,25.5,20.2,,3.0,44,1955,23.2,19.6,,1.6,62,2000,24.2
276,2018-09-24,12,20.3,,2.6,34,2000,27.5,21.9,,0.8,45,2000,26.3,20.6,,2.9,42,2000,24.0,21.4,,2.3,56,2000,27.9
277,2018-09-24,13,20.9,,3.5,30,2000,30.8,21.7,,1.7,51,2000,26.8,20.6,,2.5,42,2000,24.3,21.7,,2.6,46,2000,26.2
278,2018-09-24,14,21.3,,4.3,30,2000,32.3,21.6,,0.8,52,2000,26.0,21.5,,2.4,42,2000,24.8,22.0,,0.9,50,2000,26.7
279,2018-09-24,15,21.8,,3.3,32,2000,32.1,20.7,,1.9,55,2000,24.4,20.8,,3.0,46,2000,23.7,22.6,,3.3,40,2000,27.2
280,2018-09-24,16,22.0,,2.7,31,2000,29.6,20.4,,2.5,52,2000,23.0,21.1,,1.3,45,2000,22.8,22.3,,2.6,36,2000,25.1
281,2018-09-24,17,21.6,,3.1,32,2000,24.2,19.7,,3.6,51,2000,20.7,20.6,,1.8,41,2000,21.2,21.7,,2.4,39,2000,22.6
282,2018-09-24,18,20.3,,2.4,35,2000,19.7,19.1,,2.8,55,2000,18.9,20.0,,0.7,51,1818,19.6,19.2,,2.5,47,2000,17.3
283,2018-09-24,19,18.6,,2.7,54,2000,17.6,18.7,,2.8,58,1997,17.6,18.3,,1.3,60,1865,18.0,17.0,,0.8,58,2000,15.7
284,2018-09-24,20,17.6,,1.4,57,2000,16.2,18.4,,3.5,57,2000,17.0,17.1,,0.4,69,1955,16.9,15.7,,0.4,66,2000,14.5
285,2018-09-24,21,16.8,,1.2,58,2000,15.1,18.3,,0.1,54,2000,16.6,16.0,,0.4,73,1910,15.8,15.2,,0.5,68,2000,14.0
286,2018-09-24,22,16.6,,3.9,47,2000,14.3,17.7,,0.0,56,2000,15.7,14.9,,1.0,78,2000,15.0,14.8,,0.3,72,2000,13.4
287,2018-09-24,23,15.7,,0.4,51,2000,13.6,17.3,,2.2,53,2000,15.0,14.2,,0.1,86,1909,14.4,13.8,,1.1,79,2000,12.8
288,2018-09-25,00,14.7,,1.6,55,2000,13.0,16.9,,0.6,58,2000,14.5,13.1,,0.7,89,1955,13.8,13.0,,0.0,83,2000,12.3
289,2018-09-25,01,13.8,,0.8,60,2000,12.4,16.5,,0.7,64,2000,14.2,12.9,,0.9,86,1955,13.3,12.5,,1.3,87,2000,11.9
290,2018-09-25,02,13.4,,0.2,62,2000,11.9,15.9,,0.5,66,2000,13.7,12.4,,0.3,87,2000,12.8,11.8,,0.8,89,2000,11.3
291,2018-09-25,03,12.7,,0.5,67,2000,11.4,15.7,,0.7,64,1859,13.3,11.5,,1.2,92,1910,12.4,11.3,,0.0,91,2000,11.0
292,2018-09-25,04,12.0,,0.5,69,2000,11.0,15.5,,0.7,60,2000,13.0,11.4,,0.8,95,1992,12.1,10.9,,1.1,93,2000,10.7
293,2018-09-25,05,11.5,,0.5,70,2000,10.6,15.1,,1.5,61,2000,12.7,10.9,,0.6,95,1865,11.7,10.6,,0.7,94,2000,10.3
294,2018-09-25,06,11.2,,0.9,70,2000,10.4,15.7,,1.1,58,2000,12.9,10.7,,0.7,95,1955,11.4,10.2,,1.1,95,2000,10.0
295,2018-09-25,07,10.8,,0.9,72,2000,10.6,16.9,,2.1,57,2000,13.7,11.4,,0.5,95,1999,11.8,10.2,,0.5,96,2000,10.3
296,2018-09-25,08,12.0,,1.3,61,1988,11.5,19.2,,4.3,56,1870,16.1,13.5,,0.4,85,1998,14.0,12.4,,0.3,93,2000,14.4
297,2018-09-25,09,15.3,,1.0,49,2000,16.1,20.9,,3.7,56,2000,22.5,16.4,,0.6,74,1954,19.8,14.8,,1.1,88,1156,20.1
298,2018-09-25,10,18.0,,1.3,44,1984,21.4,22.8,,3.4,53,1962,29.1,18.5,,0.8,60,1910,24.8,17.1,,1.0,77,2000,24.4
299,2018-09-25,11,20.1,,1.6,40,1985,27.2,24.6,,2.6,49,1969,35.6,20.4,,1.3,54,1979,28.7,19.7,,1.0,63,2000,27.6
300,2018-09-25,12,21.7,,2.0,36,2000,31.5,25.5,,2.9,51,2000,41.7,21.7,,3.9,44,1943,30.1,21.7,,4.0,56,2000,29.6
301,2018-09-25,13,22.9,,2.0,30,2000,34.8,23.7,,3.7,50,1993,38.3,22.7,,4.0,44,1922,30.5,22.6,,3.0,50,2000,31.1
302,2018-09-25,14,23.7,,1.4,28,2000,36.2,23.9,,3.1,49,2000,36.8,22.8,,4.2,41,1868,29.9,23.6,,2.9,46,2000,32.2
303,2018-09-25,15,24.1,,1.6,26,2000,35.0,23.0,,4.8,51,2000,33.5,22.5,,5.5,45,2000,27.5,24.0,,1.5,44,2000,31.7
304,2018-09-25,16,24.2,,1.7,28,2000,31.8,22.7,,3.6,52,2000,26.8,21.6,,5.1,45,1910,24.3,23.2,,2.5,44,2000,28.3
305,2018-09-25,17,22.9,,1.4,33,2000,24.9,21.5,,3.6,56,2000,23.4,20.7,,6.3,43,1955,20.8,22.5,,2.9,40,2000,24.4
306,2018-09-25,18,21.6,,1.0,37,2000,21.7,20.1,,2.8,59,2000,20.5,20.0,,3.4,49,1954,19.1,21.4,,2.4,47,2000,19.5
307,2018-09-25,19,20.3,,0.6,39,2000,19.2,18.9,,3.2,57,2000,18.5,18.7,,1.4,56,1955,17.8,20.1,,1.9,54,2000,17.6
308,2018-09-25,20,19.3,,0.4,45,2000,18.0,18.7,,3.5,58,2000,17.7,17.6,,1.7,58,1955,16.6,18.5,,0.7,65,2000,16.4
309,2018-09-25,21,18.5,,1.0,48,2000,16.8,19.1,,4.9,63,2000,17.6,16.6,,0.7,63,1955,16.1,18.5,,3.3,67,2000,15.9
310,2018-09-25,22,17.7,,1.0,52,2000,16.0,19.1,,4.0,67,2000,18.0,15.9,,0.8,69,2000,15.7,18.0,,1.1,63,2000,15.0
311,2018-09-25,23,17.4,,1.2,49,2000,15.4,18.7,,3.3,71,2000,17.5,15.7,,0.3,69,2000,15.3,17.7,,3.2,61,2000,14.5
312,2018-09-26,00,17.0,,1.5,51,2000,14.9,18.7,,4.1,76,2000,17.6,15.0,,1.1,76,2000,15.5,17.4,,1.6,64,2000,14.3
313,2018-09-26,01,16.6,,1.7,53,2000,14.9,19.3,,3.4,74,2000,17.7,15.3,,0.4,72,2000,15.3,17.3,,1.4,68,2000,14.4
314,2018-09-26,02,16.6,,1.5,54,2000,15.1,20.2,,4.2,68,2000,18.3,15.2,,0.7,76,1957,15.5,16.9,,1.2,71,2000,14.7
315,2018-09-26,03,16.5,,1.6,57,2000,15.1,20.5,,3.3,65,2000,18.2,15.1,,0.4,76,1955,15.2,16.4,,0.6,74,2000,14.5
316,2018-09-26,04,16.4,,1.7,59,2000,15.0,19.0,2.4,3.7,80,2000,18.0,15.1,,1.0,76,1957,15.4,16.0,,0.8,78,2000,14.6
317,2018-09-26,05,16.3,,1.5,61,2000,15.0,19.2,,4.6,78,2000,18.1,15.1,,0.1,79,2000,15.5,15.8,,0.9,81,2000,14.6
318,2018-09-26,06,16.3,,2.1,62,2000,15.0,19.2,,3.3,73,2000,17.9,15.0,,0.7,82,1955,15.4,15.5,,1.0,83,2000,14.5
319,2018-09-26,07,16.3,,2.0,62,2000,15.3,19.1,,2.9,73,2000,17.9,15.0,,1.1,81,1955,15.6,15.4,,0.7,81,2000,14.7
320,2018-09-26,08,16.7,,2.0,60,2000,16.5,19.5,,3.5,75,2000,19.4,15.6,,0.4,80,1910,17.1,16.0,,0.4,81,2000,16.8
321,2018-09-26,09,17.7,,1.8,54,2000,18.6,20.4,0.0,4.8,68,1979,19.5,17.4,,1.6,73,1955,19.1,18.0,,1.8,75,2000,19.3
322,2018-09-26,10,19.4,,2.3,47,2000,22.7,21.4,0.0,3.7,63,2000,22.3,19.5,,1.4,62,1943,23.4,19.3,,3.6,71,2000,20.9
323,2018-09-26,11,20.5,,2.1,42,1981,25.9,21.3,,4.3,66,2000,23.2,21.0,,3.2,55,1954,25.3,20.2,,3.4,67,2000,23.0
324,2018-09-26,12,22.5,,1.8,37,2000,33.1,21.9,,3.9,62,2000,24.7,21.7,,2.7,49,1954,27.2,21.0,,4.3,61,2000,25.4
325,2018-09-26,13,23.4,,2.1,34,2000,36.7,24.0,,3.3,51,2000,30.5,21.5,,3.4,43,2000,24.0,21.5,,4.1,60,2000,26.0
326,2018-09-26,14,24.1,,1.3,33,2000,36.6,22.9,,5.0,59,1962,30.0,21.7,,4.6,49,2000,25.4,22.3,,2.9,58,2000,27.1
327,2018-09-26,15,24.7,,1.2,35,2000,35.9,22.8,,4.2,52,2000,28.8,21.2,,4.6,51,1909,25.7,23.3,,2.0,55,2000,31.6
328,2018-09-26,16,24.4,,1.8,35,2000,32.8,22.1,,4.7,55,1990,25.6,21.8,,2.8,42,2000,26.6,22.7,,2.7,55,2000,27.0
329,2018-09-26,17,23.6,,1.4,38,2000,26.5,20.7,,4.0,62,2000,20.7,21.0,,2.9,41,1955,22.3,22.4,,3.5,57,2000,24.5
330,2018-09-26,18,22.1,,1.5,45,2000,21.9,19.9,,3.8,63,2000,19.9,20.1,,3.8,45,1955,19.6,20.7,,2.6,62,2000,19.6
331,2018-09-26,19,20.7,,1.0,46,2000,19.6,19.3,,4.0,64,2000,19.0,18.8,,3.0,48,1910,17.6,19.8,,2.4,62,2000,17.2
332,2018-09-26,20,20.0,,2.0,46,2000,18.7,18.6,,4.6,62,2000,17.1,17.3,,1.2,55,2000,16.5,19.0,,2.0,63,2000,16.1
333,2018-09-26,21,18.9,,2.0,43,2000,17.4,18.1,,4.2,60,2000,16.2,17.2,,1.4,55,1955,15.5,18.4,,2.5,64,2000,15.2
334,2018-09-26,22,18.1,,1.7,43,2000,16.5,17.7,,3.3,61,2000,15.6,15.6,,0.3,63,2000,14.6,17.8,,2.2,67,2000,14.6
335,2018-09-26,23,17.4,,2.1,46,2000,15.8,17.5,,3.4,64,2000,15.3,14.7,,0.8,70,2000,14.1,17.1,,1.3,68,2000,14.1
336,2019-09-10,00,25.0,,2.2,73,2000,23.9,26.1,,1.9,91,1579,26.5,25.2,,2.2,90,827,24.8,24.1,0.7,0.5,97,652,24.6
337,2019-09-10,01,24.3,0.0,2.7,83,2000,23.7,26.0,,2.7,94,1446,26.2,25.0,,3.8,89,706,24.5,24.0,0.0,0.1,97,441,24.5
338,2019-09-10,02,23.8,0.3,2.8,81,1293,23.6,25.8,,2.5,96,1300,26.3,24.7,,3.6,89,1049,24.2,23.9,,0.3,97,425,24.3
339,2019-09-10,03,23.0,1.9,2.1,93,521,23.3,25.7,,3.4,96,1344,26.3,24.6,,3.3,90,1702,24.0,23.7,,0.4,97,499,23.9
340,2019-09-10,04,22.6,5.3,1.9,96,222,23.0,25.4,,2.6,98,1110,26.1,24.3,,2.1,92,1788,23.7,23.4,,0.0,97,444,23.5
341,2019-09-10,05,22.4,9.6,2.2,97,285,22.7,25.3,,2.2,98,1047,26.0,24.1,,2.7,93,899,23.5,23.4,,0.0,97,482,23.8
342,2019-09-10,06,22.2,10.2,1.8,97,368,22.5,25.2,,2.6,98,1081,25.9,23.8,,1.7,95,608,23.2,23.5,,0.0,97,429,23.8
343,2019-09-10,07,22.1,4.8,3.1,97,1113,22.8,25.4,,2.7,95,1153,26.0,24.6,,1.3,92,535,23.9,23.8,,0.0,97,633,24.4
344,2019-09-10,08,22.4,0.2,2.2,97,1709,23.3,26.1,,3.4,91,1514,26.7,26.6,,2.1,84,1448,26.9,25.0,,0.6,97,1672,25.5
345,2019-09-10,09,22.9,0.0,2.8,96,1993,24.4,27.7,,3.9,83,1732,28.5,28.2,,2.3,79,1646,30.3,26.4,,0.4,89,2268,29.4
346,2019-09-10,10,23.2,0.3,2.2,95,1868,25.0,27.5,,4.1,86,1669,29.5,28.5,,2.8,68,1826,30.2,28.2,,1.5,77,2251,33.5
347,2019-09-10,11,25.1,,2.7,84,1977,31.1,27.3,,3.7,89,1742,30.3,30.0,,1.2,58,1926,32.3,29.3,,1.4,71,1478,34.1
348,2019-09-10,12,26.3,,2.5,78,2000,29.9,27.2,,5.7,88,1673,30.1,30.4,,2.2,52,1943,32.2,29.7,,2.1,66,3934,34.1
349,2019-09-10,13,26.2,0.1,2.0,81,1262,28.0,27.8,,5.2,83,1808,30.7,31.1,,2.0,43,2000,32.6,30.6,,3.2,61,3720,36.1
350,2019-09-10,14,25.8,0.7,1.8,88,1377,27.1,28.4,,4.3,79,1897,31.2,31.5,,2.2,47,1921,33.5,30.7,,2.4,60,3644,34.9
351,2019-09-10,15,25.2,4.3,1.6,95,438,25.8,28.5,,5.1,76,1968,31.0,30.5,,1.9,53,1920,34.4,31.5,,2.1,59,3584,35.9
352,2019-09-10,16,24.8,0.0,1.5,96,1084,25.7,28.1,,4.8,78,1830,30.1,29.9,,2.6,58,1743,31.6,30.6,,2.8,58,3360,31.5
353,2019-09-10,17,24.4,7.2,1.8,96,156,24.8,28.1,,4.5,75,1792,29.0,30.0,,2.9,54,1834,30.2,29.9,,2.2,63,3039,29.6
354,2019-09-10,18,24.0,4.9,3.2,97,416,24.6,27.7,,3.7,77,1738,28.0,29.0,,2.5,57,1901,27.0,29.4,,3.1,65,2581,28.4
355,2019-09-10,19,23.8,0.7,2.9,97,874,24.2,26.4,,4.1,85,1538,27.1,27.9,,1.6,65,1895,25.7,28.6,,0.1,69,2192,26.9
356,2019-09-10,20,23.7,1.6,1.9,97,720,24.2,26.1,,2.1,87,1108,26.6,27.1,,2.0,64,1600,24.7,27.9,,0.2,73,1705,26.1
357,2019-09-10,21,23.6,0.3,2.9,96,639,24.2,25.9,,0.8,89,1005,26.4,26.9,,1.5,65,1504,24.5,27.2,,0.0,76,1687,25.4
358,2019-09-10,22,23.4,7.7,3.2,96,269,23.8,25.8,,2.9,88,1303,26.4,26.1,,2.1,70,1169,24.1,26.5,,1.8,81,1443,25.3
359,2019-09-10,23,23.0,2.5,3.3,95,513,23.4,25.6,,2.0,89,1293,26.0,25.9,,0.0,71,1122,23.9,26.4,,3.6,79,1254,25.0
360,2019-09-11,00,22.8,0.6,1.8,95,408,23.5,25.6,,2.5,89,1014,26.1,25.4,,0.2,75,1131,24.1,26.0,,2.8,80,1038,24.6
361,2019-09-11,01,22.8,2.2,1.7,97,145,23.6,25.6,,2.4,90,857,26.0,24.9,,0.0,78,1127,23.8,26.0,,3.1,79,1107,24.2
362,2019-09-11,02,22.6,2.0,2.5,97,405,23.4,25.4,,1.6,94,670,25.9,24.8,,1.5,78,1071,23.3,26.0,,3.6,79,1210,24.2
363,2019-09-11,03,21.9,2.3,1.6,97,240,23.0,25.2,,1.7,96,624,25.9,24.3,,0.0,81,1322,22.9,25.9,,1.7,79,1255,24.0
364,2019-09-11,04,21.2,0.9,1.8,97,2000,22.5,24.8,4.5,0.6,100,243,25.8,23.6,,1.7,88,1733,22.7,25.4,,2.0,83,1033,24.0
365,2019-09-11,05,20.8,0.1,2.7,96,1038,22.3,24.6,8.3,1.0,100,274,25.5,23.0,,2.5,93,624,22.5,25.0,0.0,1.1,88,677,24.2
366,2019-09-11,06,20.6,0.0,3.4,95,1591,21.8,24.4,0.1,1.4,100,172,25.7,22.8,,0.4,94,794,22.1,24.0,0.5,0.7,95,284,24.1
367,2019-09-11,07,20.5,0.1,3.8,89,2000,21.8,24.6,0.5,0.2,100,551,25.8,23.4,,0.9,92,676,22.9,23.9,0.0,1.4,96,322,24.3
368,2019-09-11,08,21.2,,3.6,84,2000,22.9,26.1,,0.9,100,864,26.8,24.5,,1.5,86,766,25.4,23.9,0.0,1.1,97,265,24.5
369,2019-09-11,09,23.4,,3.1,74,2000,24.0,26.1,,3.4,98,1285,27.7,26.3,,1.6,78,1541,29.6,24.2,0.0,1.2,95,589,25.0
370,2019-09-11,10,25.4,,3.3,64,2000,26.4,27.1,,1.0,90,1437,28.9,27.7,,1.4,70,1053,31.2,24.6,0.0,0.1,94,964,27.5
371,2019-09-11,11,26.9,,2.7,62,2000,30.4,27.9,,1.9,87,1663,30.2,29.9,,1.4,57,1455,36.2,24.8,,2.1,93,1517,27.9
372,2019-09-11,12,27.5,,3.6,58,2000,33.2,28.6,,1.9,84,1627,31.8,31.2,,1.3,53,1666,39.2,26.2,,1.8,88,1516,31.9
373,2019-09-11,13,28.0,,3.4,56,2000,35.1,26.6,,3.1,91,1367,30.2,30.3,,3.4,59,1249,33.8,27.3,,2.0,82,2530,32.7
374,2019-09-11,14,28.2,,3.5,57,2000,31.4,24.9,,2.4,89,900,28.6,29.4,,4.9,65,1166,33.8,27.4,,0.9,80,2455,30.3
375,2019-09-11,15,27.7,,2.5,60,2000,29.2,24.7,,3.2,84,1512,27.7,26.9,,6.3,67,1994,29.0,28.1,,0.8,80,2577,34.5
376,2019-09-11,16,27.9,,2.8,58,2000,29.0,25.1,,3.3,84,1301,27.6,25.7,,6.4,72,2000,28.3,27.6,,1.9,82,2495,30.9
377,2019-09-11,17,27.8,,3.5,57,2000,29.3,25.0,,4.2,80,2000,26.9,25.0,,7.0,71,2000,27.6,26.7,,2.1,85,2024,29.3
378,2019-09-11,18,26.4,,3.0,61,2000,26.0,24.4,,3.3,81,2000,26.3,24.5,,5.7,72,2000,25.9,26.0,,1.6,81,2567,27.3
379,2019-09-11,19,25.5,,3.8,62,2000,24.5,24.1,,4.3,77,2000,25.7,23.9,,5.4,75,2000,24.4,25.3,,3.6,78,4522,25.8
380,2019-09-11,20,24.8,,3.6,62,2000,23.6,23.9,,4.5,77,2000,25.3,23.5,,4.9,77,2000,23.8,24.9,,2.0,78,3240,25.3
381,2019-09-11,21,24.3,,3.9,62,2000,23.5,23.9,,4.1,78,2000,25.0,23.4,,5.1,76,2000,23.4,24.4,,1.3,78,4484,24.4
382,2019-09-11,22,23.7,,4.1,63,2000,22.9,23.6,,4.5,81,2000,24.8,23.3,,4.4,75,2000,23.2,24.3,,4.8,78,2979,23.7
383,2019-09-11,23,23.2,,3.9,63,2000,22.5,23.3,,3.8,85,2000,24.8,23.0,,4.2,76,2000,22.8,24.1,,4.7,77,5494,23.5
384,2019-09-12,00,22.8,,4.0,64,1804,22.3,23.4,,4.1,80,2000,24.6,22.8,,4.2,76,2000,22.6,23.7,,3.8,77,6000,23.3
385,2019-09-12,01,22.4,,4.5,65,2000,21.9,23.4,,3.6,79,2000,24.3,22.8,,3.5,76,2000,22.4,23.4,,3.8,77,5527,23.1
386,2019-09-12,02,22.0,,3.3,67,2000,21.5,22.5,0.1,3.0,91,934,24.2,22.6,,2.9,78,2000,22.3,23.1,,3.8,77,4928,22.5
387,2019-09-12,03,21.8,,3.0,67,2000,21.5,22.1,0.5,3.9,92,1963,24.1,22.5,,2.7,77,2000,22.1,23.1,,2.9,76,4868,22.7
388,2019-09-12,04,21.6,,2.5,68,2000,21.2,22.1,0.0,2.9,87,2000,23.9,22.5,,2.9,76,2000,22.0,23.0,,3.0,77,5000,22.4
389,2019-09-12,05,21.5,,3.4,68,2000,21.3,21.3,1.3,4.0,97,334,23.6,22.4,,3.3,76,2000,21.8,22.7,,3.7,78,5000,22.3
390,2019-09-12,06,21.5,,2.7,69,2000,21.0,20.9,1.4,2.9,99,517,23.6,22.1,0.0,4.1,74,1857,21.4,21.0,2.9,2.2,93,1447,22.0
391,2019-09-12,07,21.4,,3.5,67,2000,21.2,20.9,0.6,4.2,98,904,23.5,21.2,0.1,3.9,73,1991,20.6,20.8,1.4,0.0,96,1983,22.1
392,2019-09-12,08,21.6,,3.0,67,2000,21.8,21.0,0.0,3.9,90,1980,23.6,18.8,0.9,2.6,92,956,20.5,20.8,0.8,0.0,97,2154,22.6
393,2019-09-12,09,21.7,,2.9,64,2000,22.2,21.6,,4.1,83,2000,24.2,19.2,1.5,1.5,93,577,21.0,20.9,0.3,1.3,96,3725,23.6
394,2019-09-12,10,22.2,,3.2,59,2000,23.6,22.6,,3.0,80,2000,25.3,18.8,1.0,2.1,87,1342,21.3,21.0,0.1,1.2,92,4544,24.4
395,2019-09-12,11,22.5,,4.1,56,2000,24.7,22.8,,5.1,74,2000,25.6,20.0,0.5,1.0,82,1986,23.9,20.8,0.3,2.3,90,3390,24.7
396,2019-09-12,12,22.2,0.0,3.8,59,2000,23.7,22.5,,4.9,72,2000,25.3,20.4,0.0,1.4,82,2000,23.9,20.6,0.6,3.1,90,4324,25.6
397,2019-09-12,13,22.0,0.0,3.3,59,2000,23.4,22.8,,4.0,70,2000,25.5,19.4,0.5,2.2,91,1452,22.6,20.9,0.2,3.2,88,4417,26.5
398,2019-09-12,14,22.1,0.0,3.6,57,2000,23.5,21.9,,3.7,78,2000,25.7,19.5,0.5,0.0,93,1972,23.4,21.2,0.0,3.9,87,3978,26.4
399,2019-09-12,15,22.2,,3.1,60,2000,23.6,22.4,,3.9,71,2000,25.2,19.3,1.5,1.3,93,1675,22.1,21.1,,4.2,86,4997,26.1
400,2019-09-12,16,21.8,0.0,2.6,64,2000,22.7,22.8,,4.2,69,2000,25.5,19.3,2.0,0.0,95,1753,22.2,21.2,,3.3,85,5248,26.1
401,2019-09-12,17,21.3,0.2,1.5,69,2000,22.1,22.5,,4.3,69,2000,24.6,19.5,0.0,1.5,93,2000,22.3,20.8,,3.9,83,5398,24.9
402,2019-09-12,18,20.6,0.6,2.1,76,931,21.4,21.6,0.0,4.5,73,2000,23.9,19.4,0.0,2.1,94,2000,21.6,20.5,,4.0,83,5321,23.3
403,2019-09-12,19,19.7,1.1,2.6,80,1872,21.0,20.4,0.0,3.5,75,2000,23.2,19.4,,0.6,95,2000,21.1,20.2,,2.8,82,5385,22.3
404,2019-09-12,20,19.1,0.3,1.5,80,1909,20.7,20.2,0.0,3.6,74,2000,22.8,19.7,,1.0,94,1987,20.9,20.0,,3.2,79,5001,21.5
405,2019-09-12,21,19.0,0.7,1.3,87,1574,20.4,20.8,,2.9,73,2000,22.8,19.4,,1.1,93,2000,20.4,19.8,,3.3,79,5099,21.1
406,2019-09-12,22,18.9,0.5,0.3,89,1873,20.2,20.9,,3.0,74,2000,22.7,19.6,0.5,0.8,95,1489,20.6,19.8,,3.6,81,5000,20.9
407,2019-09-12,23,18.8,0.5,0.0,95,2000,20.2,20.8,,2.9,75,2000,22.4,19.3,0.0,0.0,96,1997,20.6,19.7,,1.7,82,4400,20.6
408,2019-09-15,00,20.8,,1.2,97,341,20.3,23.0,,0.7,76,2000,23.4,23.3,,1.5,82,2000,22.9,23.4,,0.2,90,1193,23.9
409,2019-09-15,01,20.7,,1.9,96,345,21.0,22.9,,0.3,78,2000,23.0,23.0,,0.0,85,1121,22.4,23.3,,0.4,91,1478,23.8
410,2019-09-15,02,21.0,,1.2,95,424,21.4,22.8,,0.8,81,2000,23.1,22.8,,0.0,89,1997,22.5,23.1,,0.4,91,1146,23.4
411,2019-09-15,03,21.0,,1.5,89,705,21.6,22.9,,0.2,84,1999,23.2,22.7,,0.0,89,1999,22.7,22.7,,0.5,93,994,23.3
412,2019-09-15,04,20.7,,1.6,94,570,20.8,22.6,,0.4,83,2000,22.8,22.4,,0.8,90,1950,22.4,22.5,,0.8,93,645,23.1
413,2019-09-15,05,20.4,,0.8,94,570,20.4,22.4,,0.2,82,2000,22.7,22.6,,0.0,89,1999,22.4,22.2,,0.1,93,501,22.5
414,2019-09-15,06,19.9,,0.0,95,882,19.4,22.5,,0.2,80,2000,22.6,22.5,,0.0,90,2000,22.3,21.9,,0.0,95,499,22.1
415,2019-09-15,07,19.5,,0.7,96,1072,19.5,23.0,,1.5,80,2000,23.1,22.4,,0.0,91,1874,22.9,21.6,,1.0,96,331,22.5
416,2019-09-15,08,20.4,,0.7,75,1709,20.5,24.4,,2.2,75,2000,24.4,23.6,,0.0,83,1745,25.2,22.3,,1.0,94,450,24.4
417,2019-09-15,09,22.4,,1.5,67,2000,24.2,26.6,,2.3,67,1987,25.7,25.9,,0.0,71,1700,29.7,23.7,,0.0,87,811,27.7
418,2019-09-15,10,24.6,,1.9,65,2000,29.3,28.3,,2.6,65,2000,28.0,26.2,,3.5,69,1648,30.8,24.9,,0.0,81,1227,29.4
419,2019-09-15,11,25.7,,2.7,63,2000,30.0,28.7,,2.6,66,1931,29.9,26.5,,4.0,67,1936,34.4,26.2,,0.2,71,2321,32.2
420,2019-09-15,12,26.9,,2.0,59,1989,35.6,28.8,,2.3,60,2000,30.2,26.4,,4.3,71,1996,32.5,27.5,,0.2,67,2878,36.5
421,2019-09-15,13,27.8,,2.0,50,1969,39.4,28.0,,2.7,66,2000,29.5,27.5,,5.0,65,2000,37.6,28.5,,0.3,64,4159,36.2
422,2019-09-15,14,28.3,,2.0,50,1998,39.6,28.0,,3.3,66,2000,30.2,27.6,,4.8,63,1973,38.5,29.5,,0.0,57,4748,37.4
423,2019-09-15,15,27.8,,2.6,53,2000,31.3,27.9,,3.7,59,2000,29.5,27.5,,5.5,59,1997,35.7,30.4,,0.1,58,5003,37.3
424,2019-09-15,16,29.2,,1.5,46,2000,35.5,27.5,,3.4,61,1977,27.8,27.2,,4.9,61,1986,35.1,29.4,,0.0,59,4600,33.2
425,2019-09-15,17,29.5,,1.8,51,2000,31.2,27.2,,3.4,67,1949,26.6,26.2,,4.8,62,2000,30.4,29.7,,2.1,58,4817,31.9
426,2019-09-15,18,27.8,,2.3,59,2000,27.7,26.0,,2.6,71,2000,26.0,24.3,,4.6,70,2000,26.9,27.9,,2.0,65,4248,27.9
427,2019-09-15,19,26.2,,2.6,61,2000,24.9,24.2,,3.0,76,2000,25.1,23.0,,5.1,69,2000,24.3,26.6,,0.9,70,2213,26.7
428,2019-09-15,20,25.6,,2.8,64,2000,24.1,23.2,,4.6,74,2000,24.4,22.1,,5.3,68,2000,22.7,25.4,,1.0,76,3314,25.4
429,2019-09-15,21,24.8,,1.4,68,2000,23.5,22.6,,4.1,74,2000,23.8,21.4,,4.7,73,2000,21.7,24.8,,1.6,80,2438,24.6
430,2019-09-15,22,24.0,,1.7,69,2000,22.2,22.0,,3.3,75,2000,23.3,20.9,,3.3,75,2000,21.0,24.3,,2.1,82,1958,24.0
431,2019-09-15,23,23.2,,2.1,72,2000,21.6,21.7,,2.5,75,2000,23.0,20.8,,3.2,73,2000,20.7,23.7,,0.6,84,1886,23.6
432,2019-09-16,00,22.6,,1.4,73,2000,21.2,21.6,,2.6,76,2000,22.8,20.4,,3.4,73,2000,20.1,23.3,,0.6,87,2088,23.7
433,2019-09-16,01,22.1,,1.7,73,2000,21.3,21.4,,3.1,77,2000,22.5,19.9,,2.3,74,2000,19.5,23.3,,0.4,86,1728,23.6
434,2019-09-16,02,21.9,,2.1,76,2000,20.9,21.2,,3.2,75,2000,22.3,19.5,,3.0,75,2000,19.1,23.0,,0.4,89,1050,23.6
435,2019-09-16,03,21.4,,1.9,78,2000,20.4,21.1,,3.1,73,1966,22.1,19.1,,2.3,78,2000,18.9,22.8,,0.6,88,1907,22.9
436,2019-09-16,04,21.3,,2.0,76,2000,20.8,20.5,,3.0,77,2000,21.8,18.6,,0.0,81,2000,18.6,22.3,,1.5,86,4129,22.4
437,2019-09-16,05,21.2,,1.3,78,2000,20.6,20.3,,2.8,77,2000,21.5,18.1,,0.0,89,2000,18.1,21.6,,0.2,88,4285,21.8
438,2019-09-16,06,20.9,,0.6,77,2000,20.6,20.3,,2.3,78,2000,21.5,17.7,,0.7,92,2000,17.9,21.1,,0.1,89,4041,21.1
439,2019-09-16,07,20.7,,1.0,78,2000,20.9,20.9,,2.8,77,1472,21.7,18.1,,2.4,91,1997,18.5,21.1,,0.8,88,4427,21.9
440,2019-09-16,08,21.3,,1.7,74,2000,22.7,22.9,,2.9,71,1972,22.8,20.0,,1.0,80,1996,21.3,21.9,,0.9,84,3561,23.0
441,2019-09-16,09,22.4,,1.3,70,2000,24.6,24.7,,2.0,65,1441,24.8,21.3,,0.0,69,1938,25.9,22.7,,0.9,68,4717,25.2
442,2019-09-16,10,24.4,,1.4,52,2000,31.0,25.7,,3.0,64,1852,26.6,23.6,,1.6,63,2000,32.2,24.6,,0.0,59,5296,30.2
443,2019-09-16,11,26.4,,4.1,48,1961,35.8,26.9,,1.9,59,1907,27.7,24.1,,2.0,63,2000,32.5,26.0,,0.0,59,5459,33.7
444,2019-09-16,12,27.7,,3.3,41,2000,41.0,27.7,,2.4,56,1995,29.1,25.9,,2.2,57,2000,39.9,27.1,,1.9,61,5114,35.9
445,2019-09-16,13,28.7,,3.0,33,1703,43.3,27.3,,1.8,59,2000,28.3,26.9,,2.3,52,1995,42.6,27.7,,1.0,59,5091,35.1
446,2019-09-16,14,29.6,,2.5,34,2000,44.0,26.6,,2.2,63,1996,27.8,27.0,,1.0,49,2000,38.8,27.8,,1.6,53,5106,33.8
447,2019-09-16,15,30.4,,2.3,35,2000,43.0,26.3,,1.3,66,1859,27.6,26.9,,3.0,49,1985,40.2,28.9,,0.9,57,5313,34.6
448,2019-09-16,16,30.3,,1.9,32,2000,39.8,27.3,,2.3,60,1956,30.0,26.9,,4.0,49,1974,37.5,28.2,,0.4,55,4903,32.0
449,2019-09-16,17,29.5,,3.7,36,2000,33.9,26.3,,2.4,61,2000,26.0,26.1,,3.4,47,1997,32.3,28.6,,0.6,55,5195,31.8
450,2019-09-16,18,28.0,,3.6,34,2000,27.0,25.2,,3.7,55,2000,24.8,24.7,,2.7,50,2000,27.4,26.9,,1.5,59,5199,27.6
451,2019-09-16,19,26.3,,2.9,40,2000,24.2,23.1,,3.3,58,2000,23.8,22.7,,2.1,58,2000,24.4,25.5,,1.6,63,4928,25.0
452,2019-09-16,20,24.6,,1.8,47,2000,22.5,22.0,,4.4,60,2000,22.9,21.5,,2.8,65,2000,22.6,24.8,,1.4,64,4928,23.7
453,2019-09-16,21,23.7,,1.8,47,2000,21.4,21.5,,3.1,60,2000,22.4,20.7,,2.4,67,2000,21.3,24.3,,1.4,68,4285,22.8
454,2019-09-16,22,22.7,,2.0,44,2000,20.5,21.1,,2.7,65,2000,22.1,20.2,,3.2,67,2000,20.2,23.1,,1.0,76,3963,22.1
455,2019-09-16,23,21.8,,2.0,45,2000,19.5,20.7,,3.0,70,2000,21.8,19.6,,2.5,70,2000,19.4,22.7,,0.6,76,4285,21.5
456,2020-09-28,00,18.8,,0.5,72,2000,16.7,17.0,,2.4,78,5000,17.3,14.8,,1.1,85,1998,14.6,17.2,,0.6,89,3222,16.9
457,2020-09-28,01,18.1,,1.2,76,2000,16.3,16.8,,2.6,77,5000,16.8,14.3,,0.0,89,2000,14.0,16.9,,0.8,84,3000,16.1
458,2020-09-28,02,17.3,,1.8,77,2000,15.7,16.6,,2.6,78,5000,16.6,13.4,,0.7,95,1644,13.4,16.4,,0.8,85,2704,15.6
459,2020-09-28,03,16.7,,1.7,79,2000,15.4,16.6,,3.1,77,4968,16.3,13.1,,0.8,93,2000,12.9,15.2,,0.3,92,2422,14.9
460,2020-09-28,04,16.1,,1.8,82,2000,14.9,16.5,,2.9,79,5000,16.1,12.3,,0.5,97,1140,12.5,14.8,,1.4,94,2208,14.6
461,2020-09-28,05,16.0,,1.4,84,2000,14.9,16.3,,2.9,78,5000,15.8,12.2,,1.0,98,1247,12.2,14.0,,0.8,96,1773,14.0
462,2020-09-28,06,15.8,,2.5,86,2000,14.8,16.0,,2.6,80,5000,15.6,11.7,,1.0,98,1103,11.7,13.7,,0.8,97,1868,13.6
463,2020-09-28,07,15.7,,2.2,85,2000,15.0,16.5,,3.5,78,4798,16.0,12.2,,1.2,98,1268,12.4,13.5,,0.1,97,1625,13.6
464,2020-09-28,08,17.0,,2.1,82,1962,16.0,18.7,,3.8,71,5000,18.3,13.7,,1.8,92,1627,15.5,15.4,,0.3,92,2057,16.4
465,2020-09-28,09,19.3,,2.1,72,1899,20.9,20.8,,3.3,65,5000,23.9,16.5,,0.8,79,1843,23.2,18.1,,1.0,73,2853,22.0
466,2020-09-28,10,21.4,,2.0,67,1581,27.2,22.2,,3.4,55,5000,25.5,18.5,,1.0,67,1968,29.9,21.0,,2.0,62,3849,27.9
467,2020-09-28,11,23.1,,1.8,60,1952,32.6,23.2,,3.3,53,5000,31.8,20.6,,4.4,61,2000,35.1,22.3,,2.1,57,4152,32.8
468,2020-09-28,12,25.0,,1.7,54,1534,36.0,23.7,,3.0,51,5000,37.9,21.8,,3.2,56,1955,38.1,23.2,,1.4,54,4445,36.8
469,2020-09-28,13,24.8,,1.4,48,1873,33.7,23.5,,4.1,53,5000,42.2,22.9,,2.4,51,2000,39.5,23.9,,0.8,56,4374,37.5
470,2020-09-28,14,25.8,,2.0,46,1899,33.5,23.8,,3.3,50,5000,42.5,23.8,,3.0,45,2000,39.7,24.5,,0.9,53,4796,37.1
471,2020-09-28,15,26.3,,3.1,43,1926,33.4,23.5,,3.4,52,5000,40.3,23.7,,2.6,44,1991,38.0,25.5,,1.2,43,5055,37.6
472,2020-09-28,16,26.3,,1.9,44,1864,31.7,23.2,,2.9,55,5000,33.5,24.0,,1.8,43,2000,34.5,24.4,,1.4,46,5028,32.6
473,2020-09-28,17,24.8,,3.5,50,1675,25.9,22.1,,2.8,58,5000,27.2,23.1,,2.9,47,1949,28.3,24.3,,0.7,43,5600,29.2
474,2020-09-28,18,23.4,,2.6,53,2000,22.6,19.9,,2.9,67,5000,23.0,21.8,,3.4,54,2000,23.2,22.3,,0.6,52,4359,23.4
475,2020-09-28,19,22.2,,1.6,56,2000,20.2,18.7,,3.0,70,5000,20.7,20.1,,3.3,62,2000,20.7,20.6,,1.2,65,4660,20.7
476,2020-09-28,20,21.3,,0.6,61,2000,18.8,18.3,,2.4,69,5000,19.5,18.8,,2.5,69,2000,19.1,18.6,,0.6,74,3803,19.2
477,2020-09-28,21,20.2,,1.8,66,1981,18.2,17.8,,2.6,73,5000,18.7,17.8,,3.2,72,2000,17.9,17.6,,0.7,79,3374,18.0
478,2020-09-28,22,19.7,,2.1,66,2000,17.5,17.5,,2.6,74,5000,18.0,17.1,,2.6,75,2000,16.9,16.7,,1.4,84,3266,17.1
479,2020-09-28,23,19.1,,1.7,67,2000,17.2,17.2,,2.6,75,5000,17.5,16.2,,2.6,80,2000,15.9,15.8,,1.1,87,3015,16.2
480,2020-09-29,00,19.0,,2.0,75,1794,16.9,16.8,,2.2,77,5000,17.1,14.7,,1.2,87,2002,15.0,15.5,,0.9,88,2934,15.5
481,2020-09-29,01,18.4,,1.5,78,1779,16.2,16.6,,2.5,79,5000,16.7,13.9,,1.7,91,1772,14.3,14.7,,1.4,91,2671,14.9
482,2020-09-29,02,17.8,,0.4,80,1626,15.7,16.5,,3.1,80,5000,16.5,13.1,,1.9,93,1951,13.5,14.3,,0.2,92,2522,14.4
483,2020-09-29,03,17.0,,0.8,76,1975,15.1,16.9,,2.9,77,5000,16.3,12.6,,0.3,96,1791,13.1,13.9,,1.8,95,2307,14.1
484,2020-09-29,04,16.5,,1.0,78,1969,14.9,16.8,,2.7,76,5000,16.1,12.4,,0.5,97,1331,12.8,13.5,,1.0,95,2052,13.6
485,2020-09-29,05,16.0,,1.6,81,1858,14.8,16.2,,1.5,79,5000,15.7,12.0,,1.0,97,1045,12.4,13.2,,0.5,96,2089,13.3
486,2020-09-29,06,15.5,,1.7,84,1723,14.6,15.7,,2.0,79,5000,15.4,11.9,,0.7,97,1439,12.0,12.8,,1.1,97,1811,13.1
487,2020-09-29,07,15.4,,1.5,85,1492,15.3,16.4,,1.3,74,5000,15.6,12.7,,0.6,96,1930,12.8,12.8,,0.2,96,2179,13.3
488,2020-09-29,08,16.3,,2.4,84,1375,17.8,19.0,,0.4,67,5000,18.3,14.2,,1.6,88,1830,16.0,14.9,,0.5,89,2613,16.8
489,2020-09-29,09,17.8,,1.3,80,1311,20.5,21.6,,1.6,64,5000,24.5,16.5,,0.7,72,2000,23.4,16.7,,0.4,79,2608,20.7
490,2020-09-29,10,20.1,,1.2,71,1300,26.3,23.3,,2.5,54,5000,25.9,18.7,,1.3,68,1744,30.1,19.6,,1.3,67,5640,24.6
491,2020-09-29,11,22.0,,2.4,57,1733,30.9,24.8,,2.8,53,5000,32.6,21.5,,1.6,61,1520,35.4,21.5,,1.3,60,1574,32.2
492,2020-09-29,12,22.9,,3.5,50,1885,32.7,24.2,,3.2,51,5000,38.1,22.9,,1.4,54,1692,38.4,23.7,,1.4,53,2597,36.1
493,2020-09-29,13,22.5,,3.0,46,2000,29.7,25.3,,2.7,44,5000,43.5,25.0,,3.0,39,2000,39.4,24.3,,1.8,50,3461,38.2
494,2020-09-29,14,22.7,,2.0,49,1898,29.3,24.8,,3.3,45,5000,41.5,25.5,,1.7,36,2000,39.7,24.3,,1.5,40,4831,34.1
495,2020-09-29,15,23.2,,2.2,48,2000,28.6,24.6,,3.6,40,5000,39.5,25.3,,1.5,37,1990,38.3,23.5,,1.2,49,3208,30.8
496,2020-09-29,16,23.7,,3.5,51,2000,28.8,23.4,,3.3,54,5000,32.7,24.7,,1.6,36,2000,31.6,23.0,,1.6,55,2507,28.7
497,2020-09-29,17,22.7,,2.8,52,2000,24.7,22.2,,2.3,61,5000,28.0,23.7,,2.8,40,2000,27.3,22.6,,0.8,57,2713,26.0
498,2020-09-29,18,21.8,,2.4,56,1985,21.8,20.7,,2.5,64,5000,23.8,22.6,,1.7,42,2000,23.8,21.4,,0.8,66,2985,23.1
499,2020-09-29,19,21.1,,2.1,61,1677,20.2,20.0,,2.1,58,5000,21.5,21.3,,0.6,49,2000,21.4,19.7,,0.5,70,2110,20.7
500,2020-09-29,20,20.5,,1.5,67,1993,19.4,19.4,,2.1,65,5000,20.3,19.7,,1.1,59,1962,19.4,19.3,,0.1,74,1331,19.5
501,2020-09-29,21,19.9,,1.8,70,1988,18.6,19.1,,1.9,63,5000,19.2,18.2,,1.0,67,2000,18.5,18.7,,0.5,75,1547,18.6
502,2020-09-29,22,19.5,,1.3,71,1968,18.0,18.5,,1.9,69,5000,18.6,17.6,,0.6,70,2000,16.9,18.3,,0.4,76,1979,18.1
503,2020-09-29,23,19.2,,1.3,74,1887,17.7,18.3,,2.2,71,5000,18.1,16.6,,0.7,77,2000,16.7,17.7,,0.9,82,1899,17.6
504,2020-09-30,00,18.8,,1.7,77,1699,17.5,18.2,,2.7,73,5000,18.0,16.4,,0.5,77,1950,16.5,17.0,,0.7,86,1671,16.8
505,2020-09-30,01,18.4,,0.4,78,1521,17.2,18.2,,2.7,76,5000,17.7,16.1,,1.1,76,2000,16.1,16.2,,0.0,89,1447,16.0
506,2020-09-30,02,18.2,,1.5,81,1476,16.9,18.5,,2.4,77,5000,18.1,15.0,,0.8,87,1908,15.1,15.8,,0.5,91,1240,15.6
507,2020-09-30,03,17.8,,1.9,82,1208,16.7,18.1,,0.9,75,5000,18.1,14.2,,1.1,92,1938,14.3,15.5,,0.2,93,1147,15.4
508,2020-09-30,04,17.3,,1.1,82,1260,16.0,18.1,,1.4,76,5000,17.7,14.1,,0.3,92,1729,14.1,15.1,,0.6,94,1242,15.3
509,2020-09-30,05,16.8,,1.3,85,1019,15.9,17.9,,2.0,78,5000,17.3,13.7,,0.9,93,1685,14.1,14.9,,0.9,96,1254,14.8
510,2020-09-30,06,16.5,,1.1,86,972,15.5,17.6,,1.0,76,5000,16.9,13.3,,1.0,94,1798,13.8,14.3,,0.5,97,918,14.1
511,2020-09-30,07,16.2,,2.1,87,867,15.7,17.7,,1.3,76,5000,17.3,13.5,,0.6,94,1887,14.1,14.1,,0.2,97,846,14.2
512,2020-09-30,08,16.9,,2.4,89,841,17.7,20.4,,2.8,71,5000,20.1,14.6,,1.2,89,1912,16.4,15.8,,0.3,93,1213,17.1
513,2020-09-30,09,18.5,,1.2,82,1336,21.1,21.8,,3.7,68,5000,25.3,17.6,,1.1,75,1934,24.2,18.0,,0.5,85,1172,22.2
514,2020-09-30,10,20.6,,2.1,70,1866,25.7,23.4,,2.0,61,5000,26.7,19.6,,1.3,66,1924,31.2,20.8,,1.1,77,1233,26.4
515,2020-09-30,11,22.3,,2.4,64,1915,31.4,24.8,,2.2,57,5000,34.0,21.3,,1.1,61,1967,37.0,22.5,,0.9,67,1296,32.7
516,2020-09-30,12,23.5,,2.8,59,1969,32.7,24.4,,3.5,56,5000,37.4,22.8,,2.4,53,2000,39.0,24.1,,1.2,62,2085,37.6
517,2020-09-30,13,24.7,,1.7,52,1869,33.6,24.8,,2.9,53,5000,40.3,23.1,,1.4,51,2000,36.1,25.0,,1.1,55,2313,39.6
518,2020-09-30,14,25.6,,1.6,50,1836,34.5,22.9,,3.8,62,4396,33.5,23.8,,1.6,48,2000,40.7,25.4,,1.6,51,3182,40.2
519,2020-09-30,15,24.5,,2.3,52,2000,29.3,23.3,,3.4,58,5000,35.3,24.5,,1.0,49,2000,35.1,25.8,,0.6,45,3551,37.4
520,2020-09-30,16,23.7,0.0,2.2,58,1652,25.4,22.4,,3.6,61,5000,30.1,23.6,,0.9,50,2000,29.1,24.3,,1.2,50,3300,29.0
521,2020-09-30,17,20.9,4.1,2.2,81,361,21.3,21.6,,3.1,60,5000,26.5,22.7,,3.4,51,2000,26.5,22.4,,1.1,65,2452,25.5
522,2020-09-30,18,20.7,0.2,1.9,82,622,21.1,20.5,,2.3,67,5000,22.9,21.4,,4.1,58,1996,22.9,21.4,,0.9,70,2599,22.6
523,2020-09-30,19,19.0,29.5,2.7,90,92,18.1,19.7,,2.9,66,4970,21.0,20.4,,4.1,55,2000,21.1,19.7,,0.1,80,2046,20.5
524,2020-09-30,20,18.4,4.5,1.9,91,574,17.9,19.1,,2.5,69,4278,19.9,19.3,,4.0,61,2000,19.4,19.3,,1.3,80,1962,19.4
525,2020-09-30,21,18.2,,0.7,91,809,17.3,18.9,,3.0,64,5000,19.4,18.4,,3.4,67,2000,18.3,18.6,,0.8,86,1488,18.7
526,2020-09-30,22,17.6,,1.5,92,1161,17.1,18.4,,2.4,68,5000,18.6,17.5,,2.7,73,2000,17.4,17.9,,1.0,89,1328,18.0
527,2020-09-30,23,17.1,,2.2,92,1071,16.7,17.9,,2.1,71,5000,18.0,17.1,,2.2,74,2000,16.6,18.0,,1.1,91,1001,18.9
528,2020-10-01,00,16.8,,1.9,90,1999,16.6,17.7,,2.9,73,5000,17.6,16.4,,0.5,75,2000,15.9,18.1,,0.0,91,903,18.9
529,2020-10-01,01,16.5,,2.6,88,2000,16.2,17.7,,2.7,72,5000,17.4,15.0,,0.7,84,2000,15.2,18.1,,0.8,92,917,18.7
530,2020-10-01,02,16.2,,2.3,87,2000,15.9,17.4,,2.8,73,5000,17.0,14.3,,1.1,85,1943,14.6,18.3,,0.9,93,821,18.7
531,2020-10-01,03,16.2,,2.1,88,1993,16.5,17.3,,2.6,73,5000,16.8,13.6,,0.9,91,2000,14.1,18.1,,0.4,94,617,18.2
532,2020-10-01,04,16.2,,1.8,85,2000,15.8,17.2,,2.5,76,5000,16.6,13.5,,0.2,93,2000,13.8,17.3,,1.3,96,506,16.6
533,2020-10-01,05,15.9,,1.9,86,2000,15.4,17.1,,2.0,72,5000,16.4,13.2,,0.2,95,1999,13.4,16.6,,1.4,93,1261,16.0
534,2020-10-01,06,15.7,,3.0,87,2000,15.2,16.8,,0.6,73,5000,16.0,13.2,,0.2,95,2000,14.0,15.9,,0.7,92,1538,15.2
535,2020-10-01,07,15.8,,1.7,87,2000,16.2,17.3,,0.3,75,4601,16.5,13.5,,1.3,95,1659,14.1,15.8,,0.8,97,557,15.5
536,2020-10-01,08,16.6,,2.3,84,2000,17.0,20.0,,2.1,67,5000,19.1,15.2,,1.7,88,1922,16.9,16.8,,0.4,94,923,17.8
537,2020-10-01,09,17.9,,1.6,80,2000,19.6,21.3,,2.8,66,5000,24.7,16.6,,2.1,79,2023,24.3,19.5,,1.3,82,1650,22.6
538,2020-10-01,10,19.4,,2.1,74,2000,22.4,22.9,,2.5,61,5000,26.3,19.6,,2.0,70,1996,31.3,21.4,,1.3,72,1620,27.8
539,2020-10-01,11,20.2,,1.9,71,1950,23.7,22.8,,1.2,63,5000,28.8,21.1,,3.4,63,1950,35.0,21.5,,2.2,73,1502,27.7
540,2020-10-01,12,20.7,,2.3,68,1854,23.4,23.6,,2.8,64,5000,35.3,22.5,,3.1,56,2000,39.7,22.5,,3.4,65,1783,32.0
541,2020-10-01,13,22.0,,2.9,66,1862,25.1,24.0,,3.0,64,5000,39.8,23.5,,2.8,51,2000,41.1,24.1,,2.8,61,2016,37.2
542,2020-10-01,14,22.7,,2.4,65,1559,25.5,24.0,,3.5,61,5000,41.9,23.2,,2.3,49,2000,38.4,24.8,,2.5,56,2131,38.2
543,2020-10-01,15,23.4,,1.5,61,1611,25.1,23.4,,3.4,65,5000,38.9,23.9,,2.4,49,1998,38.5,25.4,,1.7,57,2316,37.4
544,2020-10-01,16,22.6,,2.8,62,1226,22.8,22.9,,3.0,67,5000,32.4,24.3,,2.2,48,1999,34.8,25.0,,1.3,57,2277,32.1
545,2020-10-01,17,21.5,,4.4,66,1216,21.5,22.1,,2.4,70,5000,27.2,23.4,,3.3,54,2000,28.6,24.6,,2.1,59,2248,29.2
546,2020-10-01,18,20.5,,2.6,69,1019,19.7,20.3,,2.6,75,5000,23.5,21.5,,4.0,63,2000,23.7,22.9,,1.5,65,2000,24.6
547,2020-10-01,19,19.5,,2.4,71,1192,18.0,19.6,,2.3,76,5000,21.7,20.3,,2.3,67,2000,21.9,22.0,,1.2,68,2080,23.0
548,2020-10-01,20,18.9,,1.4,73,1219,17.4,19.1,,2.3,78,5000,20.5,19.4,,3.4,70,1997,20.5,20.6,,1.6,77,1819,21.6
549,2020-10-01,21,18.4,,2.1,71,1296,17.1,18.7,,2.1,79,5000,19.6,18.4,,2.7,76,2000,19.8,19.7,,1.8,77,1797,20.0
550,2020-10-01,22,18.0,,1.0,74,1196,17.2,18.7,,2.3,81,5000,19.4,18.0,,1.7,79,2000,19.5,19.0,,1.4,79,1786,19.2
551,2020-10-01,23,17.9,,0.8,75,1088,17.2,18.4,,2.6,81,5000,18.8,17.7,,3.1,82,2000,18.4,19.1,,1.5,79,1742,19.8
552,2020-10-02,00,17.5,,1.2,75,1117,16.3,18.2,,2.1,83,5000,18.3,17.2,,1.6,84,2000,17.7,19.1,,2.0,78,2049,19.5
553,2020-10-02,01,17.2,,1.3,78,1112,15.8,18.1,,2.1,81,5000,17.9,16.8,,1.7,89,2000,16.9,18.7,,1.3,81,1975,18.8
554,2020-10-02,02,16.7,,1.1,81,1064,15.3,18.0,,0.8,82,5000,17.5,16.5,,1.1,92,1836,16.7,18.5,,1.2,82,1946,18.6
555,2020-10-02,03,16.5,,1.6,81,1000,15.1,17.6,,1.0,82,5000,16.9,15.3,,1.6,95,1202,15.9,18.5,,0.9,82,1937,18.7
556,2020-10-02,04,16.4,,0.8,84,947,15.7,17.4,,0.8,86,5000,16.5,15.1,,0.2,96,1318,15.1,18.2,,1.0,85,1798,18.0
557,2020-10-02,05,16.4,,0.7,84,937,16.0,17.1,,1.1,87,4248,16.4,15.2,,0.5,96,1254,16.2,17.6,,1.2,88,1595,17.1
558,2020-10-02,06,16.6,,1.1,84,896,16.0,16.8,,0.1,86,4462,15.8,14.9,,2.1,96,1085,17.0,17.5,,1.3,90,1569,17.6
559,2020-10-02,07,16.6,,1.0,85,916,16.2,17.2,,0.6,86,3584,16.4,14.8,,1.9,96,1173,16.2,17.0,,0.4,93,1364,17.2
560,2020-10-02,08,17.6,,0.9,82,883,17.8,20.1,,0.9,78,4179,19.4,16.2,,2.3,92,1452,19.4,18.3,,0.7,89,1677,19.1
561,2020-10-02,09,19.1,,3.0,78,859,20.4,23.0,,1.3,69,4994,25.2,18.6,,1.5,80,1944,26.0,20.9,,1.0,79,2267,24.5
562,2020-10-02,10,19.4,,2.7,76,891,20.2,24.0,,2.1,65,5000,27.6,21.3,,0.6,66,1836,32.9,21.3,,2.2,72,3374,25.3
563,2020-10-02,11,21.5,,3.8,69,1752,25.0,23.1,,3.2,64,5000,30.8,22.4,,1.6,60,1834,38.3,23.2,,3.8,63,3437,33.0
564,2020-10-02,12,21.8,,3.9,65,1206,24.5,23.9,,4.8,59,5000,38.5,25.4,,1.6,51,1872,42.6,24.2,,1.9,59,3458,35.1
565,2020-10-02,13,21.3,,4.2,65,1411,20.9,24.0,,5.7,63,5000,42.8,25.9,,2.9,44,1969,41.4,24.7,,2.4,51,3707,37.8
566,2020-10-02,14,20.9,,3.7,67,1421,19.8,24.3,,5.9,61,5000,43.5,25.3,,2.6,46,1978,41.7,25.0,,2.1,54,3382,37.0
567,2020-10-02,15,19.9,0.0,2.4,77,1389,19.5,23.8,,5.8,64,5000,41.0,25.5,,2.1,49,2000,36.5,24.6,,1.5,52,3474,33.7
568,2020-10-02,16,19.8,,2.8,80,1166,19.7,24.0,,5.1,65,5000,33.5,25.2,,1.8,48,1990,33.8,24.2,,1.6,49,3965,30.3
569,2020-10-02,17,20.1,,1.8,81,1174,19.8,22.8,,4.5,72,5000,28.1,25.4,,1.2,50,2000,30.0,23.1,,1.7,54,3708,26.6
570,2020-10-02,18,20.1,,0.9,80,1196,19.4,21.9,,2.9,71,5000,24.5,24.6,,1.7,53,2000,26.0,22.1,,0.8,54,3666,23.4
571,2020-10-02,19,20.1,,3.7,82,1213,19.0,21.1,,1.5,75,5000,22.7,23.1,,0.9,62,1999,24.4,21.1,,1.0,61,3416,21.8
572,2020-10-02,20,20.0,,2.4,85,1060,19.0,21.0,,2.8,75,5000,22.1,22.1,,0.7,68,1841,23.0,20.7,,0.9,72,2727,21.3
573,2020-10-02,21,19.9,,1.4,85,909,19.0,21.0,,2.8,75,5000,21.8,21.7,,0.4,70,1971,21.7,20.3,,1.4,81,2175,20.7
574,2020-10-02,22,19.9,,1.6,86,890,19.0,20.6,,1.8,78,4994,21.3,20.6,,0.2,74,1979,20.9,20.1,,0.3,81,2197,20.3
575,2020-10-02,23,19.9,,2.4,86,855,18.9,20.4,,3.0,81,4314,21.0,19.8,,0.9,78,1607,20.5,19.7,,0.8,83,2142,19.9
576,2020-10-04,00,18.3,,1.1,76,768,17.7,20.8,,1.9,76,3200,21.5,20.9,,1.9,81,1802,21.6,19.5,,0.7,94,735,19.7
577,2020-10-04,01,18.3,0.0,1.9,78,754,17.6,20.8,,3.0,76,2966,21.4,21.0,0.0,0.5,81,1701,21.4,19.3,,0.7,90,812,19.6
578,2020-10-04,02,18.2,0.0,1.7,75,1080,17.5,20.3,0.0,1.7,81,2583,20.8,20.5,0.0,0.6,87,1712,21.1,19.1,0.0,0.5,88,919,19.4
579,2020-10-04,03,18.1,0.0,2.1,74,1166,17.2,20.0,0.0,1.7,77,4389,20.4,20.0,0.0,0.2,91,1283,20.8,18.6,0.0,0.6,87,903,19.2
580,2020-10-04,04,17.9,0.0,2.0,77,1268,17.2,20.0,0.0,2.2,72,5000,19.9,19.7,0.1,0.0,96,922,20.8,18.5,0.1,0.1,94,615,19.2
581,2020-10-04,05,17.6,,2.2,78,1263,16.9,20.1,,2.3,81,1751,20.2,19.9,,0.1,94,1301,20.6,17.7,0.3,0.7,95,989,18.7
582,2020-10-04,06,17.2,,1.5,78,1133,16.4,20.0,,2.3,76,2659,19.9,19.2,0.0,0.4,97,657,20.2,17.4,0.3,0.4,97,169,18.3
583,2020-10-04,07,16.9,,1.8,77,1184,16.4,19.7,,2.0,77,3592,20.0,19.5,,0.4,96,734,20.4,17.1,0.0,0.4,97,346,18.1
584,2020-10-04,08,17.1,,1.6,76,1244,17.6,20.2,,1.1,79,2195,21.5,20.0,,0.3,91,985,21.8,17.7,0.0,0.4,97,320,19.0
585,2020-10-04,09,17.6,,1.7,71,1235,18.7,21.2,,2.5,73,3536,24.3,20.0,,1.7,91,893,21.6,18.4,,0.9,94,581,21.3
586,2020-10-04,10,18.6,,2.3,66,1381,21.9,22.1,,3.0,72,2650,26.2,21.1,,1.1,82,901,23.4,19.4,,0.4,87,690,23.2
587,2020-10-04,11,19.8,,2.2,60,1342,24.8,24.5,,4.2,63,4187,34.7,21.7,,1.3,75,1104,24.6,20.5,,0.6,82,903,25.3
588,2020-10-04,12,20.6,,2.9,46,1649,24.1,24.1,,4.1,63,5000,33.5,22.7,,1.0,71,1207,27.8,20.7,,1.5,72,1613,23.9
589,2020-10-04,13,21.3,,3.8,44,1818,24.8,24.2,,4.4,71,3394,35.2,22.3,,3.0,72,1283,27.2,20.6,,1.3,69,1675,22.5
590,2020-10-04,14,21.3,,4.3,45,1735,24.0,24.7,,5.5,66,4281,39.7,22.9,,2.3,71,1752,28.5,20.3,,1.2,72,1744,22.1
591,2020-10-04,15,20.5,,4.4,60,1684,22.3,24.6,,4.7,51,5000,33.9,22.4,,3.7,66,1915,25.5,20.4,,1.6,75,1493,22.4
592,2020-10-04,16,20.0,,3.2,64,1575,21.0,23.9,,6.3,56,5000,30.4,22.1,,2.6,67,1953,23.9,21.0,,2.3,62,3623,23.7
593,2020-10-04,17,19.4,,6.0,68,1321,19.3,23.0,,4.7,63,5000,26.8,22.1,,3.6,58,2000,22.8,20.1,,1.4,68,3761,20.7
594,2020-10-04,18,15.5,0.0,6.5,67,1159,16.8,22.6,,4.6,65,5000,25.0,21.1,,2.6,62,1999,21.8,19.2,,1.8,67,4125,18.5
595,2020-10-04,19,14.0,,5.0,61,1194,14.8,21.9,,2.5,61,5000,23.8,20.4,,2.6,60,1990,20.6,18.8,,1.9,71,3633,18.1
596,2020-10-04,20,13.1,,3.6,59,1168,13.6,21.4,,2.0,50,5000,22.8,20.1,,2.6,50,2000,19.4,17.5,,3.4,71,1830,16.5
597,2020-10-04,21,12.5,,3.2,61,1154,12.8,20.7,,2.1,49,5000,21.9,19.9,,3.4,52,2000,19.1,16.1,,5.7,63,2945,15.3
598,2020-10-04,22,11.8,,2.7,63,1144,12.0,19.7,,1.6,52,5000,20.8,19.5,,3.3,55,2000,18.9,14.8,,2.1,63,3666,14.3
599,2020-10-04,23,11.2,,1.7,65,1089,11.6,19.3,,0.8,51,5000,20.3,18.5,,4.4,59,2000,18.7,13.8,,4.2,63,3910,13.3
600,2021-09-18,00,21.3,,1.9,64,2000,19.6,20.1,,1.2,74,5000,20.3,20.4,,0.8,80,2000,20.7,18.7,,0.7,97,3600,18.7
601,2021-09-18,01,20.5,,1.1,66,2000,18.9,19.9,,1.4,73,5000,20.0,20.2,,0.5,77,2000,20.3,18.7,,0.7,97,1805,18.0
602,2021-09-18,02,19.9,,0.9,70,2000,18.4,19.9,,1.0,74,5000,19.8,19.7,,0.6,80,2000,20.3,18.6,,0.9,97,2575,17.7
603,2021-09-18,03,19.4,,0.6,72,2000,18.1,20.1,,1.2,74,5000,20.0,19.3,,0.5,90,2000,19.7,18.1,,0.2,97,2245,17.3
604,2021-09-18,04,19.2,,2.0,79,2000,18.1,19.8,,0.0,71,5000,20.2,18.2,,0.4,98,2000,18.4,17.8,,0.8,97,1736,17.0
605,2021-09-18,05,19.1,,0.9,78,2000,18.7,19.6,,1.2,74,5000,20.2,17.3,,1.0,100,2000,17.6,17.6,,0.5,97,1438,16.8
606,2021-09-18,06,19.0,,1.0,78,2000,18.3,19.6,,0.6,74,5000,20.1,16.9,,0.6,100,2000,17.1,17.2,,0.7,97,1563,16.5
607,2021-09-18,07,19.0,,0.9,80,2000,18.4,19.9,,0.3,74,5000,20.7,18.3,,0.2,98,2000,17.7,17.1,,0.9,97,1128,17.4
608,2021-09-18,08,21.0,,1.9,75,2000,19.8,20.8,,2.2,74,5000,21.4,19.5,,0.8,88,2000,19.8,18.1,,0.4,97,2023,19.3
609,2021-09-18,09,22.8,,2.0,69,2000,30.8,23.3,,3.0,69,5000,25.3,21.8,,1.3,76,1993,24.7,21.0,,0.4,89,3569,25.9
610,2021-09-18,10,24.9,,1.9,61,2000,37.8,24.7,,3.1,64,5000,24.7,22.8,,1.2,65,2000,27.5,22.9,,1.0,75,4524,29.6
611,2021-09-18,11,26.1,,2.0,57,2000,43.8,26.2,,1.6,57,5000,31.4,24.4,,2.0,61,2000,31.1,25.5,,2.0,66,4503,32.8
612,2021-09-18,12,26.7,,2.1,55,2000,44.8,26.8,,2.1,51,5000,33.9,25.6,,2.0,59,2000,36.0,26.5,,2.5,60,4741,34.5
613,2021-09-18,13,28.0,,1.6,49,2000,41.3,26.6,,2.2,61,5000,33.7,25.6,,1.4,56,2000,32.3,27.2,,2.0,56,5498,37.0
614,2021-09-18,14,28.1,,1.6,49,2000,39.6,26.2,,2.5,65,5000,33.1,24.3,,3.7,65,2000,27.4,27.6,,2.0,57,6000,37.7
615,2021-09-18,15,29.3,,1.8,47,2000,46.6,25.0,,3.3,68,5000,28.4,23.8,,2.6,69,2000,28.1,28.2,,2.9,55,4979,38.8
616,2021-09-18,16,29.2,,2.3,46,2000,36.6,24.3,,3.2,68,5000,26.5,24.8,,1.7,63,2000,29.0,28.1,,2.6,55,4450,36.0
617,2021-09-18,17,27.6,,1.4,50,2000,28.3,24.6,,2.6,71,5000,25.0,25.1,,2.6,64,2000,28.3,26.8,,1.9,59,4374,29.4
618,2021-09-18,18,27.1,,3.2,56,2000,27.3,23.2,,2.3,77,5000,23.4,24.3,,2.9,68,2000,25.0,25.7,,2.2,62,3446,25.3
619,2021-09-18,19,25.7,,2.0,63,2000,24.0,22.3,,2.3,79,5000,22.0,23.0,,3.8,70,2000,22.7,24.6,,1.0,67,4550,22.9
620,2021-09-18,20,24.9,,2.4,67,2000,22.9,21.9,,2.3,77,5000,21.3,22.3,,3.0,74,2000,22.1,23.9,,1.0,71,5400,21.8
621,2021-09-18,21,24.1,,0.8,70,2000,21.9,21.5,,2.4,79,5000,20.8,21.5,,3.8,77,2000,21.1,22.3,,0.5,79,6000,20.7
622,2021-09-18,22,23.5,,0.7,71,2000,21.0,21.1,,2.4,79,5000,20.5,20.9,,2.8,79,2002,20.2,21.4,,1.6,87,5649,20.0
623,2021-09-18,23,23.0,,1.5,73,2000,21.2,21.1,,3.1,81,4633,20.2,20.0,,0.8,84,2000,19.7,20.7,,1.4,90,4689,19.5
624,2021-09-19,00,22.5,,0.3,74,2000,20.7,20.5,,1.9,82,5000,19.9,19.0,,0.4,94,1692,19.1,20.2,,0.9,92,4821,19.1
625,2021-09-19,01,22.0,,1.4,76,2000,20.4,20.2,,2.1,82,5000,19.6,18.6,,0.2,93,2000,18.5,19.8,,1.0,95,4464,18.8
626,2021-09-19,02,21.6,,1.9,77,2000,20.2,20.0,,2.0,82,5000,19.3,18.0,,0.2,97,2000,18.0,19.7,,0.4,96,4455,18.6
627,2021-09-19,03,21.5,,1.8,74,2000,20.7,20.0,,1.8,82,5000,19.4,17.9,,0.2,96,2000,17.6,19.2,,1.0,97,3915,18.2
628,2021-09-19,04,21.5,,2.4,74,2000,20.8,19.8,,2.7,83,5000,19.0,17.7,,0.8,98,2000,18.3,18.8,,1.7,97,3727,17.9
629,2021-09-19,05,21.4,,2.0,74,2000,20.8,19.5,,2.0,83,5000,18.8,17.7,,0.6,98,2000,18.2,18.4,,1.1,97,2960,17.6
630,2021-09-19,06,21.3,,1.9,75,2000,20.7,19.4,,1.7,84,5000,18.6,17.4,,0.3,100,1898,17.4,18.2,,0.0,97,2801,17.3
631,2021-09-19,07,21.2,,1.6,76,2000,21.3,20.5,,2.5,80,5000,19.1,18.6,,0.0,96,2033,17.9,18.3,,0.4,97,3128,17.7
632,2021-09-19,08,22.0,,2.0,74,2000,23.4,22.4,,2.7,72,5000,21.5,19.8,,0.5,91,1929,20.2,20.3,,0.2,95,4158,20.5
633,2021-09-19,09,23.2,,1.7,71,2000,26.7,23.9,,2.9,67,5000,25.9,21.8,,1.3,82,2061,25.8,23.6,,1.6,78,4807,26.2
634,2021-09-19,10,24.8,,1.9,68,2000,36.0,24.1,,3.4,65,5000,24.1,23.9,,3.0,64,1997,30.6,25.1,,3.5,68,4904,30.2
635,2021-09-19,11,26.2,,1.8,62,2000,37.9,24.8,,4.1,64,5000,28.5,24.6,,3.4,59,2000,34.5,26.3,,2.7,67,5133,35.2
636,2021-09-19,12,26.9,,2.1,58,2000,38.4,26.3,,3.3,60,5000,33.2,25.1,,3.2,56,2000,33.7,26.6,,3.0,64,5849,37.9
637,2021-09-19,13,26.6,,2.1,61,2000,33.8,27.7,,2.0,56,5000,37.8,25.0,,4.2,55,1998,34.6,27.8,,2.1,60,4584,41.8
638,2021-09-19,14,26.8,,2.1,57,2000,36.3,26.8,,3.4,61,5000,36.5,26.4,,4.2,52,2000,40.0,26.8,,0.9,57,6000,35.1
639,2021-09-19,15,27.5,,2.0,55,2000,39.0,26.5,,3.2,64,5000,33.8,26.6,,2.8,50,2000,39.4,27.9,,1.6,54,5851,40.6
640,2021-09-19,16,27.3,,2.3,51,2000,34.5,25.7,,3.6,62,5000,27.9,26.6,,3.1,48,2000,35.1,28.0,,1.6,45,4365,38.0
641,2021-09-19,17,26.7,,2.6,53,2000,30.1,24.8,,3.2,62,5000,25.1,25.7,,3.8,56,2000,30.9,27.1,,2.1,43,2627,33.3
642,2021-09-19,18,25.7,,2.4,52,2000,26.1,23.7,,3.2,67,5000,23.0,24.4,,4.2,61,2000,26.7,25.4,,3.2,54,5869,26.1
643,2021-09-19,19,24.7,,1.9,52,2000,23.8,22.1,,3.6,70,5000,21.4,22.6,,3.1,67,2000,24.2,24.3,,1.2,61,6000,23.4
644,2021-09-19,20,23.5,,2.0,52,2000,21.8,21.6,,3.3,74,5000,20.8,21.9,,4.2,71,2000,22.8,23.4,,0.7,66,6000,21.9
645,2021-09-19,21,22.7,,1.6,54,2000,20.9,21.2,,1.5,75,5000,20.4,21.5,,3.0,75,2000,22.0,22.0,,0.7,75,5986,20.9
646,2021-09-19,22,22.2,,1.8,58,2000,20.4,20.9,,1.4,78,5000,20.2,20.9,,2.4,78,2000,21.1,21.3,,0.7,80,5622,20.2
647,2021-09-19,23,21.4,,1.8,62,2000,19.7,20.6,,2.9,81,5000,19.9,19.7,,1.7,85,2000,20.4,20.6,,0.9,84,5137,19.6
648,2021-09-20,00,20.8,,1.8,64,2000,19.1,20.5,,2.4,81,5000,19.8,19.0,,1.1,90,2000,19.6,20.3,,0.9,85,5248,19.1
649,2021-09-20,01,20.3,,1.8,67,2000,18.7,20.3,,3.1,83,5000,19.6,18.3,,1.1,96,2000,19.1,20.4,,1.6,85,5149,18.8
650,2021-09-20,02,20.1,,2.0,70,2000,18.4,20.4,,2.3,84,5000,19.6,18.1,,1.7,96,2000,18.7,20.4,,3.1,85,5321,18.4
651,2021-09-20,03,19.9,,2.6,73,2000,18.3,20.3,,2.3,84,5000,19.7,18.0,,2.0,97,2000,18.4,20.1,,4.5,86,5152,18.2
652,2021-09-20,04,19.5,,2.1,76,2000,18.1,20.2,,2.8,85,5000,19.5,17.4,,1.3,98,1976,18.0,19.9,,4.3,86,4255,17.8
653,2021-09-20,05,19.2,,1.7,78,2000,17.9,20.0,,2.4,85,5000,19.2,16.9,,0.7,100,1639,17.6,19.6,,2.8,87,5316,17.5
654,2021-09-20,06,19.1,,2.0,81,2000,17.8,20.1,,3.0,82,5000,19.1,16.9,,1.1,99,898,17.3,19.1,,1.1,87,5651,17.1
655,2021-09-20,07,19.2,,1.1,80,2000,18.2,20.4,,2.3,80,5000,19.6,18.0,,0.4,95,1864,17.9,19.4,,3.1,86,5939,17.4
656,2021-09-20,08,20.9,,2.0,76,2000,19.6,21.0,,2.4,79,5000,21.1,20.0,,0.7,86,1998,20.0,21.3,,4.2,80,4251,19.9
657,2021-09-20,09,23.1,,2.2,67,2000,30.0,23.5,,2.5,72,5000,24.4,21.8,,2.1,77,1905,26.1,23.7,,2.7,73,5068,25.9
658,2021-09-20,10,24.4,,2.7,60,2000,36.9,25.4,,3.2,69,5000,26.2,23.5,,4.0,67,2000,29.4,25.2,,3.7,66,4324,32.1
659,2021-09-20,11,24.8,,2.3,61,2000,35.7,26.0,,3.2,69,5000,31.9,24.0,,2.4,66,2000,30.4,26.2,,4.3,62,5010,37.3
660,2021-09-20,12,26.0,,1.9,57,2000,42.0,26.0,,3.3,67,5000,32.9,24.6,,2.4,63,2000,29.6,26.9,,3.9,60,5083,41.0
661,2021-09-20,13,26.8,,3.3,54,2000,46.6,27.1,,3.4,66,5000,38.7,25.0,,2.8,64,2000,31.0,27.4,,3.6,57,5544,42.0
662,2021-09-20,14,27.5,,4.1,52,2000,46.7,26.7,,3.5,70,5000,35.4,25.5,,3.9,60,2000,33.3,28.1,,3.8,59,5749,42.6
663,2021-09-20,15,28.0,,4.3,50,2000,44.6,25.6,,2.5,74,5000,31.4,25.4,,4.0,61,2000,32.0,28.2,,4.4,59,4896,41.3
664,2021-09-20,16,27.5,,3.5,51,2000,34.9,24.8,,3.6,76,5000,28.9,25.5,,4.8,63,2000,30.8,27.6,,4.0,59,4773,38.5
665,2021-09-20,17,27.2,,6.1,50,2000,30.0,24.6,,3.0,79,5000,27.2,24.8,,4.8,66,2000,27.9,26.8,,5.1,63,4152,33.3
666,2021-09-20,18,25.8,,3.7,54,2000,25.6,23.7,,3.2,83,5000,24.7,23.8,,4.8,69,2000,25.3,25.2,,5.4,69,3751,26.4
667,2021-09-20,19,25.1,,2.7,57,2000,23.6,23.0,,2.9,84,4992,23.3,23.4,,4.6,72,2000,24.4,24.3,,3.3,74,1953,24.1
668,2021-09-20,20,24.9,,2.7,59,2000,23.6,22.9,,2.2,84,5000,23.2,22.9,,3.5,73,2000,23.0,23.7,,3.0,77,2902,22.9
669,2021-09-20,21,24.5,,3.0,60,2000,23.1,22.9,,2.0,84,5000,23.0,21.8,,1.7,79,2000,22.0,23.2,,3.9,80,1423,21.9
670,2021-09-20,22,24.2,,2.9,63,2000,22.3,22.9,,1.4,85,5000,22.8,21.7,,2.1,81,2000,21.9,22.7,,3.4,83,2973,21.2
671,2021-09-20,23,23.8,,3.6,66,2000,22.2,22.7,,2.2,87,4622,22.5,21.5,,3.1,82,2000,21.3,22.2,,2.0,85,2715,20.9
672,2021-09-21,00,23.5,,3.3,67,2000,22.8,23.0,,0.9,89,3948,22.9,21.0,,3.8,88,2000,21.5,22.1,,1.8,86,2423,21.0
673,2021-09-21,01,21.9,4.7,2.1,85,189,20.9,23.2,,0.3,89,3274,22.9,21.0,,2.9,88,2000,21.5,22.3,,3.5,86,2228,21.0
674,2021-09-21,02,20.9,10.6,2.3,92,457,20.6,23.2,,2.0,94,1467,22.7,20.2,,2.4,95,1870,20.5,22.7,,2.4,84,2494,21.5
675,2021-09-21,03,20.8,0.7,2.2,96,881,21.1,23.4,,3.4,93,1452,23.0,21.0,,2.4,94,1919,20.4,22.6,0.0,0.8,87,2117,21.5
676,2021-09-21,04,20.6,6.0,2.2,94,957,20.9,23.8,,4.8,89,3501,23.0,20.0,,2.7,96,1630,20.6,21.6,0.8,0.6,97,649,21.3
677,2021-09-21,05,20.7,0.6,1.6,97,572,21.1,23.6,,4.8,94,2677,23.2,21.0,,0.8,93,1944,20.5,21.3,1.2,1.5,97,684,21.2
678,2021-09-21,06,20.7,10.0,0.8,98,198,20.7,23.5,,4.5,93,3068,22.9,21.9,,1.8,85,1982,21.1,21.1,5.0,1.8,97,326,20.9
679,2021-09-21,07,20.8,6.7,1.2,98,327,20.9,24.3,,5.2,88,3903,24.0,23.1,,2.1,79,2000,22.1,20.9,14.8,0.3,97,105,20.7
680,2021-09-21,08,21.1,1.3,0.7,94,2000,22.1,24.6,,4.8,89,2675,25.3,23.6,,3.0,78,2000,23.2,21.2,8.3,1.5,97,975,21.2
681,2021-09-21,09,21.2,0.0,1.7,93,1934,21.9,25.0,,6.7,87,3134,26.2,25.5,,1.6,72,2000,24.0,20.9,1.6,1.6,97,851,21.2
682,2021-09-21,10,21.2,0.0,2.9,92,2000,22.3,24.9,0.0,5.8,87,2949,26.6,22.5,6.0,0.5,100,602,26.2,20.7,2.6,3.8,97,3177,22.1
683,2021-09-21,11,21.4,1.0,2.6,94,1996,24.7,23.2,4.5,6.9,98,355,24.3,23.4,0.1,0.9,98,1719,25.5,21.8,,2.0,97,4160,25.5
684,2021-09-21,12,22.9,,2.9,88,2000,28.8,22.6,1.5,6.7,95,2233,24.0,24.1,0.3,0.6,97,2054,27.1,23.5,,2.8,88,3993,28.4
685,2021-09-21,13,24.2,,2.8,77,2000,31.4,23.3,0.6,8.1,94,3115,27.6,24.8,0.0,2.3,91,1945,26.5,23.8,,2.4,88,3131,27.5
686,2021-09-21,14,25.2,,4.1,68,2000,31.0,23.0,0.1,7.0,96,2142,25.6,24.2,2.6,1.4,100,1373,27.1,24.4,0.0,2.1,82,3230,26.3
687,2021-09-21,15,26.1,,4.9,64,2000,31.2,22.7,1.2,4.7,96,4191,24.6,24.0,0.0,2.4,94,2000,25.8,25.7,0.0,3.0,76,3082,29.1
688,2021-09-21,16,25.5,,4.2,64,2000,27.1,22.8,0.0,4.7,96,3858,24.5,24.9,0.0,0.9,88,2000,26.3,26.1,,1.8,73,3412,29.5
689,2021-09-21,17,25.4,,4.1,62,2000,25.2,23.1,,2.8,96,3258,24.7,26.2,,1.9,69,2000,26.5,25.6,,2.2,72,2496,26.8
690,2021-09-21,18,24.3,,3.8,68,2000,23.0,23.4,,2.5,94,4026,24.6,24.7,,1.0,83,2000,24.5,24.0,,2.3,78,2955,22.8
691,2021-09-21,19,23.3,,2.9,77,2000,22.0,22.7,,3.0,92,4983,23.4,23.2,,0.5,97,2000,23.1,23.1,,1.9,81,2820,21.3
692,2021-09-21,20,23.1,,4.3,78,2000,21.8,22.0,,4.3,93,4692,22.4,21.8,,0.6,99,1957,22.0,22.3,,2.5,87,2636,20.5
693,2021-09-21,21,22.8,,3.6,81,2000,21.5,22.0,,3.8,93,3981,21.9,21.3,,0.3,100,1835,21.3,22.0,,2.1,91,2424,20.1
694,2021-09-21,22,21.3,,6.3,74,2000,21.1,21.7,,5.2,92,3177,21.5,20.7,,0.3,100,1572,20.6,21.5,,1.5,93,2358,19.8
695,2021-09-21,23,19.5,0.0,6.0,77,2000,19.9,21.5,,4.5,92,3122,21.2,20.5,,0.5,100,1434,20.2,21.6,,3.5,90,2523,19.7
696,2021-09-22,00,17.4,26.5,3.1,93,608,17.7,21.4,,3.5,92,2661,21.0,20.3,,0.9,100,1712,19.7,21.3,,2.1,92,2363,19.8
697,2021-09-22,01,17.6,4.2,2.1,96,1066,18.2,21.8,,2.1,89,2388,21.6,20.3,,1.5,100,1880,19.5,21.0,,1.9,93,2069,19.8
698,2021-09-22,02,17.4,0.1,2.0,94,2000,18.3,21.5,,3.4,90,2028,21.1,19.9,,1.2,100,1793,19.2,21.5,,1.9,88,2727,20.3
699,2021-09-22,03,17.1,,1.4,94,1837,17.9,21.5,,4.4,89,2884,20.7,19.3,,0.9,100,1151,18.7,22.0,,2.1,88,2267,20.3
700,2021-09-22,04,17.0,,1.4,95,1946,17.6,21.2,,5.3,87,3274,20.3,19.2,,1.3,100,1966,18.5,22.5,0.0,1.8,88,1670,20.5
701,2021-09-22,05,16.8,,2.0,95,1575,17.4,20.7,,4.4,90,2766,20.0,18.7,,0.2,100,1736,18.1,19.1,8.3,0.9,92,918,18.7
702,2021-09-22,06,17.0,,1.6,96,1176,18.2,20.6,,4.9,90,1836,19.9,18.4,,0.7,100,1237,17.9,18.5,1.7,2.3,96,2319,18.4
703,2021-09-22,07,17.5,,1.1,98,1094,19.0,20.7,,4.5,86,2248,20.3,19.2,,0.8,100,2045,18.5,18.4,0.0,0.9,97,1172,18.8
704,2021-09-22,08,18.1,0.2,0.8,97,1174,20.1,21.8,,5.0,83,2445,22.1,21.5,,0.9,90,1952,20.4,18.3,0.2,0.8,97,871,19.0
705,2021-09-22,09,19.7,,1.5,96,1907,23.2,23.0,,5.2,79,2873,26.3,23.2,,1.4,84,1927,24.8,20.8,,2.5,97,2334,24.0
706,2021-09-22,10,21.2,,2.6,83,2000,24.1,24.3,,5.2,76,3422,26.2,25.1,,1.1,73,1944,28.7,21.9,,1.6,89,2329,23.7
707,2021-09-22,11,22.5,,3.1,74,2000,29.7,25.1,,,74,2925,30.4,27.3,,3.9,58,1988,30.7,24.2,,2.2,80,3030,29.5
708,2021-09-22,12,23.1,,3.9,66,2000,29.0,25.9,,,71,3267,33.3,29.0,,4.0,48,2000,32.1,25.8,,3.1,74,1872,31.6
709,2021-09-22,13,22.9,0.0,3.5,67,2000,24.8,26.7,0.0,,69,4146,33.1,27.4,,3.1,54,2000,27.2,26.9,,2.5,67,2476,32.4
710,2021-09-22,14,23.8,0.0,4.0,64,2000,30.4,22.2,4.0,,80,5000,33.0,28.9,,5.4,43,1993,30.9,27.4,,2.2,57,3513,32.7
711,2021-09-22,15,23.7,,5.6,60,2000,27.4,24.6,,,74,5000,33.9,29.1,,4.2,42,1989,30.1,27.4,,2.6,49,5955,31.0
712,2021-09-22,16,24.1,,4.4,58,2000,27.2,24.4,,,69,5000,28.0,29.1,,4.3,41,2000,28.0,27.3,,2.2,50,5101,29.3
713,2021-09-22,17,23.8,,3.6,60,2000,23.8,24.9,,3.8,69,5000,25.8,28.3,,3.7,45,2000,25.5,26.2,,1.9,54,5662,26.3
714,2021-09-22,18,22.4,,4.4,66,2000,21.7,24.1,,2.1,68,5000,24.2,27.3,,2.8,49,2000,23.6,24.3,,1.9,60,6000,22.7
715,2021-09-22,19,21.3,,2.8,72,2000,20.2,22.9,,2.9,73,5000,22.8,26.4,,2.9,50,2000,21.9,22.6,,1.9,67,5521,20.5
716,2021-09-22,20,20.7,,3.0,75,2000,19.6,22.7,,3.9,78,3983,22.2,25.4,,3.2,56,2000,21.2,21.9,,2.0,74,5396,19.7
717,2021-09-22,21,20.5,,3.6,77,2000,19.4,22.7,,2.9,84,2676,22.1,24.2,,2.1,57,1950,20.6,21.3,,1.8,78,4870,19.1
718,2021-09-22,22,19.7,,2.9,75,2000,18.7,23.0,,2.4,86,1946,22.2,22.9,,3.5,56,2000,19.4,20.6,,1.5,79,4820,18.6
719,2021-09-22,23,18.8,,1.6,75,2000,18.1,22.9,,3.5,89,1095,22.1,22.3,,1.8,58,2000,19.1,20.1,,1.4,82,5089,18.1
720,2021-09-23,00,18.1,,1.5,77,2000,17.5,22.7,,4.2,92,856,21.9,22.0,,2.0,59,2000,18.5,19.6,,1.2,85,4371,17.7
721,2021-09-23,01,17.5,,1.9,82,2000,17.2,22.7,,1.5,84,1732,21.7,21.3,,2.2,62,2000,18.1,19.0,,1.3,88,4258,17.3
722,2021-09-23,02,17.2,,1.4,83,2000,16.9,22.0,,1.4,63,5000,20.3,19.4,,1.0,72,2000,17.6,18.7,,1.3,90,3992,16.9
723,2021-09-23,03,16.9,,1.1,84,2000,16.9,21.1,,1.4,67,5000,19.7,18.4,,1.1,77,2000,17.1,17.8,,0.3,93,3299,16.5
724,2021-09-23,04,17.2,,1.3,86,2000,17.8,20.2,,1.5,72,5000,19.0,19.4,,2.3,71,2000,16.9,17.2,,0.8,96,2891,16.1
725,2021-09-23,05,17.4,,0.7,86,2000,17.6,19.7,,2.3,69,5000,18.6,19.2,,2.3,74,2000,16.7,16.9,,0.7,96,2724,15.8
726,2021-09-23,06,18.3,,2.8,86,2000,17.5,19.4,,1.6,72,5000,18.2,18.8,,2.0,76,2000,16.5,17.0,,1.2,96,2718,15.7
727,2021-09-23,07,17.9,,2.3,78,2000,17.1,20.0,,1.8,68,5000,18.4,19.6,,1.5,70,2000,16.8,17.0,,1.2,97,2174,16.0
728,2021-09-23,08,18.4,,2.6,76,2000,17.3,21.7,,2.7,64,5000,20.1,20.8,,2.8,65,2000,18.1,19.3,,1.4,88,3281,18.0
729,2021-09-23,09,19.9,,2.3,68,2000,23.2,22.6,,3.0,60,5000,24.4,22.0,,2.6,58,1996,22.5,21.9,,1.1,74,4016,23.0
730,2021-09-23,10,21.2,,3.5,61,2000,27.2,23.7,,3.0,50,5000,22.7,23.5,,3.6,48,2000,25.9,23.5,,2.5,65,4199,27.2
731,2021-09-23,11,22.2,,3.6,59,2000,28.0,24.8,,2.3,47,5000,29.1,24.1,,4.4,48,2000,28.9,23.8,,2.9,57,5212,28.6
732,2021-09-23,12,22.9,,5.0,54,2000,30.9,25.6,,3.0,42,5000,33.4,25.4,,4.4,47,2000,31.3,25.1,,2.9,53,5555,32.1
733,2021-09-23,13,23.6,,3.8,54,2000,32.3,25.9,,2.0,46,5000,34.6,25.9,,4.9,44,2000,34.4,25.5,,2.4,53,5043,33.1
734,2021-09-23,14,24.2,,3.9,53,2000,29.8,26.6,,3.6,44,5000,34.4,26.1,,3.6,42,2000,35.2,26.1,,2.9,47,5162,33.0
735,2021-09-23,15,24.8,,2.4,52,2000,31.3,26.9,,2.5,46,5000,33.7,25.9,,4.1,43,2000,34.2,26.6,,2.8,47,6000,32.0
736,2021-09-23,16,25.6,,2.5,52,2000,29.4,26.8,,3.1,46,5000,27.4,25.7,,3.4,45,2000,30.7,26.7,,2.0,49,5528,31.3
737,2021-09-23,17,24.5,,2.5,53,2000,24.7,26.3,,0.6,47,5000,25.7,24.9,,1.9,48,2000,27.6,24.6,,1.2,58,5450,26.5
738,2021-09-23,18,23.8,,2.5,54,2000,22.8,23.7,,3.1,66,5000,23.5,24.1,,1.5,50,2000,24.7,22.9,,0.7,66,5349,23.2
739,2021-09-23,19,22.7,,3.0,57,2000,21.0,22.8,,1.2,67,5000,22.2,22.5,,1.3,61,2000,22.8,21.3,,1.0,73,4914,20.5
740,2021-09-23,20,22.0,,2.7,60,2000,20.0,22.4,,0.0,64,5000,21.8,21.7,,0.6,64,1996,21.2,20.3,,1.2,75,4697,19.2
741,2021-09-23,21,21.1,,2.5,64,2000,19.3,21.8,,2.1,65,5000,20.9,20.2,,0.7,71,2000,20.0,19.6,,0.7,77,4885,18.5
742,2021-09-23,22,20.4,,0.8,69,2000,19.0,21.5,,1.7,65,5000,20.2,18.6,,2.0,81,2000,19.1,19.3,,0.4,78,4276,18.0
743,2021-09-23,23,19.8,,1.7,73,2000,18.7,21.2,,1.6,67,5000,20.2,18.2,,1.1,84,2000,18.6,18.3,,1.1,86,3857,17.4
744,2021-09-24,00,19.2,,1.0,76,2000,18.1,21.2,,1.5,68,5000,20.2,17.8,,0.4,87,2000,17.9,17.6,,1.4,91,3591,16.9
745,2021-09-24,01,18.6,,0.5,78,2000,17.7,20.6,,2.0,69,5000,19.7,16.9,,0.8,94,1708,17.4,17.1,,0.2,93,3130,16.4
746,2021-09-24,02,17.9,,1.2,79,2000,17.3,20.8,,2.4,65,5000,19.9,16.7,,0.8,93,2000,16.9,16.5,,1.1,96,2756,16.1
747,2021-09-24,03,17.4,,1.6,82,2000,17.1,20.5,,2.2,64,5000,19.4,16.1,,1.1,97,2032,16.5,16.3,,1.0,97,2556,15.8
748,2021-09-24,04,17.1,,1.7,84,2000,16.8,20.1,,2.1,67,5000,18.6,15.5,,1.2,98,1985,16.2,15.8,,0.5,97,2102,15.5
749,2021-09-24,05,17.1,,1.2,85,2000,16.8,19.8,,1.2,68,5000,18.3,15.4,,1.5,100,1921,16.2,15.5,,0.6,97,1910,15.2
750,2021-09-24,06,16.8,,1.4,86,2000,16.5,19.4,,2.2,71,5000,18.0,15.1,,0.7,100,1477,15.7,15.4,,0.6,97,1917,15.1
751,2021-09-24,07,17.1,,2.1,88,2000,16.9,20.0,,1.6,72,5000,18.5,15.9,,0.6,99,1725,16.1,15.4,,0.8,97,2086,15.3
752,2021-09-24,08,18.6,,2.2,83,2000,17.9,22.6,,1.8,69,5000,21.2,17.9,,0.4,84,1646,18.2,17.1,,0.5,95,2642,17.4
753,2021-09-24,09,20.7,,1.8,75,2000,23.7,23.4,,3.4,68,5000,24.5,19.8,,0.7,76,1751,23.4,20.2,,0.9,81,2902,22.5
754,2021-09-24,10,22.5,,2.0,67,2000,28.0,25.0,,2.3,63,5000,25.2,21.8,,1.1,67,1978,28.1,22.4,,1.2,72,3108,27.6
755,2021-09-24,11,24.1,,2.8,62,2000,31.0,25.3,,2.1,59,5000,28.5,23.9,,3.4,59,2000,33.1,24.3,,1.7,64,4139,31.8
756,2021-09-24,12,25.0,,1.9,56,2000,32.9,26.0,,2.9,62,5000,33.3,24.5,,2.1,54,2000,34.3,25.1,,2.4,57,4793,34.4
757,2021-09-24,13,25.6,,2.1,49,2000,33.0,26.1,,3.5,65,5000,35.1,25.3,,2.7,52,2000,36.3,26.5,,2.7,53,5417,35.3
758,2021-09-24,14,26.8,,2.8,49,2000,33.4,24.8,,3.7,68,5000,30.1,23.6,,4.7,64,2000,31.0,25.7,,1.5,57,5284,30.6
759,2021-09-24,15,26.5,,3.5,48,2000,31.6,24.6,,3.7,66,5000,29.4,23.9,,3.2,60,2000,30.8,26.7,,2.0,54,5270,31.5
760,2021-09-24,16,26.2,,3.4,50,2000,27.1,23.8,,2.2,65,5000,27.1,21.5,,5.6,72,2000,26.9,26.4,,1.8,54,5416,30.3
761,2021-09-24,17,26.0,,1.5,52,2000,25.3,23.1,,3.5,68,5000,24.5,20.5,,2.5,82,2000,25.1,26.3,,2.0,54,5650,27.9
762,2021-09-24,18,25.4,,1.9,55,2000,23.0,22.3,,4.0,73,5000,22.2,20.5,,2.1,84,1940,24.0,24.4,,3.6,62,4964,23.0
763,2021-09-24,19,24.2,,2.4,58,2000,21.7,21.5,,3.2,77,5000,21.2,20.1,,1.1,85,1996,21.9,23.5,,2.8,66,2127,21.0
764,2021-09-24,20,23.3,,3.1,63,2000,20.7,20.9,,3.6,79,5000,20.5,19.8,,2.6,89,2000,20.6,22.6,,3.1,71,4142,20.1
765,2021-09-24,21,22.4,,3.0,66,2000,20.1,20.4,,2.8,77,5000,19.8,19.4,,1.2,91,2000,19.9,21.9,,3.5,74,5022,19.3
766,2021-09-24,22,21.6,,3.8,69,2000,19.6,20.2,,3.2,79,5000,19.5,18.9,,0.7,93,2000,19.6,21.4,,1.8,76,5506,18.8
767,2021-09-24,23,20.9,,3.3,70,2000,19.2,20.1,,2.5,81,5000,19.4,18.6,,0.7,94,2000,18.7,20.8,,2.0,75,5278,18.1
